Format Version,1.22,Take Name,Take 2023-08-29 01.14.30 PM,Capture Frame Rate,120.000000,Export Frame Rate,120.000000,Capture Start Time,13 Jan 1970 15:55:56 +0200,Total Frames in Take,351,Total Exported Frames,351,Rotation Type,Quaternion,Length Units,Meters,Coordinate Space,Global

,,Rigid Body,Rigid Body,Rigid Body,Rigid Body,Rigid Body,Rigid Body,Rigid Body,Rigid Body,Rigid Body,Rigid Body,Rigid Body,Rigid Body,Rigid Body,Rigid Body
,,left_hand,left_hand,left_hand,left_hand,left_hand,left_hand,left_hand,right_hand,right_hand,right_hand,right_hand,right_hand,right_hand,right_hand
,,"44FD74BD377C11EE8A984076B0403D8E","44FD74BD377C11EE8A984076B0403D8E","44FD74BD377C11EE8A984076B0403D8E","44FD74BD377C11EE8A984076B0403D8E","44FD74BD377C11EE8A984076B0403D8E","44FD74BD377C11EE8A984076B0403D8E","44FD74BD377C11EE8A984076B0403D8E","5D11C736377C11EE8A984076B0403D8E","5D11C736377C11EE8A984076B0403D8E","5D11C736377C11EE8A984076B0403D8E","5D11C736377C11EE8A984076B0403D8E","5D11C736377C11EE8A984076B0403D8E","5D11C736377C11EE8A984076B0403D8E","5D11C736377C11EE8A984076B0403D8E"
,,Rotation,Rotation,Rotation,Rotation,Position,Position,Position,Rotation,Rotation,Rotation,Rotation,Position,Position,Position
Frame,Time (Seconds),X,Y,Z,W,X,Y,Z,X,Y,Z,W,X,Y,Z
0,0.000000,-0.095094,-0.002494,-0.002662,0.995462,1.945788,1.130909,3.184360,-0.078135,-0.007436,0.068800,0.994538,2.482647,1.109893,3.161687
1,0.008333,-0.095743,-0.002372,-0.001447,0.995402,1.945545,1.130670,3.184391,-0.078568,-0.007779,0.069229,0.994472,2.482465,1.109748,3.161672
2,0.016667,-0.096494,-0.002398,-0.000633,0.995331,1.945273,1.130409,3.184439,-0.078890,-0.008031,0.069673,0.994413,2.482296,1.109581,3.161692
3,0.025000,-0.097254,-0.002475,-0.000150,0.995256,1.945022,1.130125,3.184510,-0.079196,-0.008213,0.070008,0.994364,2.482131,1.109389,3.161723
4,0.033333,-0.097891,-0.002600,0.000005,0.995194,1.944798,1.129820,3.184600,-0.079449,-0.008254,0.070203,0.994330,2.481970,1.109173,3.161756
5,0.041667,-0.098417,-0.002732,0.000008,0.995142,1.944605,1.129510,3.184683,-0.079816,-0.008245,0.070327,0.994291,2.481807,1.108951,3.161795
6,0.050000,-0.098960,-0.002782,0.000006,0.995088,1.944427,1.129201,3.184781,-0.080134,-0.008284,0.070393,0.994261,2.481665,1.108712,3.161830
7,0.058333,-0.099505,-0.002749,0.000072,0.995033,1.944267,1.128897,3.184879,-0.080604,-0.008083,0.070486,0.994218,2.481498,1.108454,3.161874
8,0.066667,-0.100086,-0.002610,0.000182,0.994975,1.944115,1.128599,3.184980,-0.081073,-0.007841,0.070680,0.994168,2.481344,1.108167,3.161890
9,0.075000,-0.100765,-0.002135,0.000428,0.994908,1.944010,1.128310,3.185091,-0.081880,-0.007524,0.070782,0.994097,2.481150,1.107885,3.161933
10,0.083333,-0.101408,-0.001705,0.000687,0.994843,1.943896,1.128035,3.185190,-0.082718,-0.007186,0.071051,0.994011,2.480954,1.107607,3.161981
11,0.091667,-0.102015,-0.001343,0.000996,0.994781,1.943774,1.127772,3.185278,-0.083508,-0.006863,0.071426,0.993920,2.480769,1.107347,3.162029
12,0.100000,-0.102789,-0.000804,0.001665,0.994702,1.943677,1.127529,3.185360,-0.084216,-0.006532,0.071827,0.993834,2.480590,1.107116,3.162072
13,0.108333,-0.103467,-0.000306,0.002305,0.994630,1.943581,1.127309,3.185432,-0.084791,-0.006204,0.072299,0.993753,2.480437,1.106924,3.162114
14,0.116667,-0.104156,-0.000017,0.002635,0.994558,1.943479,1.127129,3.185488,-0.085241,-0.005873,0.072649,0.993691,2.480291,1.106760,3.162148
15,0.125000,-0.104383,0.000330,0.003059,0.994532,1.943395,1.126943,3.185566,-0.085493,-0.005554,0.072853,0.993656,2.480163,1.106632,3.162172
16,0.133333,-0.104590,0.000424,0.003192,0.994510,1.943316,1.126802,3.185637,-0.085670,-0.005309,0.072889,0.993640,2.480063,1.106530,3.162186
17,0.141667,-0.104652,0.000580,0.003336,0.994503,1.943272,1.126701,3.185717,-0.085785,-0.005175,0.072795,0.993637,2.479995,1.106450,3.162188
18,0.150000,-0.104478,0.001060,0.003733,0.994520,1.943287,1.126631,3.185817,-0.085955,-0.005121,0.072592,0.993638,2.479957,1.106391,3.162171
19,0.158333,-0.104291,0.001361,0.004242,0.994537,1.943305,1.126613,3.185905,-0.086229,-0.005126,0.072312,0.993634,2.479947,1.106345,3.162129
20,0.166667,-0.104122,0.001915,0.004893,0.994551,1.943383,1.126643,3.185994,-0.086690,-0.005170,0.071971,0.993619,2.479961,1.106314,3.162061
21,0.175000,-0.104086,0.002163,0.005480,0.994551,1.943448,1.126733,3.186061,-0.087304,-0.005278,0.071494,0.993599,2.479994,1.106300,3.161959
22,0.183333,-0.104097,0.002560,0.006199,0.994545,1.943556,1.126865,3.186124,-0.088090,-0.005572,0.070913,0.993569,2.480042,1.106314,3.161811
23,0.191667,-0.104227,0.003068,0.006968,0.994524,1.943710,1.127034,3.186182,-0.088991,-0.005853,0.070033,0.993550,2.480079,1.106328,3.161617
24,0.200000,-0.104531,0.003728,0.007864,0.994484,1.943927,1.127254,3.186229,-0.089749,-0.006288,0.069130,0.993542,2.480133,1.106383,3.161393
25,0.208333,-0.104749,0.004372,0.008704,0.994451,1.944174,1.127503,3.186271,-0.090350,-0.006720,0.068102,0.993556,2.480198,1.106490,3.161148
26,0.216667,-0.104860,0.004969,0.009513,0.994429,1.944440,1.127783,3.186315,-0.090788,-0.007191,0.066956,0.993591,2.480254,1.106652,3.160879
27,0.225000,-0.104894,0.005617,0.010266,0.994415,1.944749,1.128103,3.186362,-0.091278,-0.007792,0.065736,0.993623,2.480303,1.106874,3.160576
28,0.233333,-0.104665,0.006174,0.010847,0.994429,1.945090,1.128462,3.186404,-0.091699,-0.008353,0.064473,0.993662,2.480315,1.107136,3.160243
29,0.241667,-0.104266,0.006600,0.011356,0.994463,1.945440,1.128860,3.186450,-0.092084,-0.008803,0.063236,0.993702,2.480298,1.107429,3.159904
30,0.250000,-0.103760,0.006977,0.011912,0.994507,1.945799,1.129286,3.186491,-0.092488,-0.009005,0.062024,0.993739,2.480236,1.107754,3.159564
31,0.258333,-0.103119,0.007359,0.012674,0.994561,1.946167,1.129744,3.186522,-0.092947,-0.009191,0.060835,0.993768,2.480141,1.108115,3.159182
32,0.266667,-0.102351,0.007759,0.013686,0.994624,1.946543,1.130236,3.186538,-0.093367,-0.009381,0.059675,0.993798,2.479983,1.108493,3.158763
33,0.275000,-0.101648,0.008380,0.015079,0.994671,1.946925,1.130750,3.186541,-0.093935,-0.009530,0.058384,0.993819,2.479772,1.108895,3.158340
34,0.283333,-0.101138,0.009158,0.017092,0.994683,1.947292,1.131291,3.186525,-0.094623,-0.009661,0.057325,0.993814,2.479534,1.109340,3.157930
35,0.291667,-0.100446,0.010043,0.019490,0.994701,1.947659,1.131845,3.186496,-0.095422,-0.009756,0.056006,0.993812,2.479193,1.109781,3.157489
36,0.300000,-0.099693,0.011109,0.022233,0.994708,1.948034,1.132398,3.186455,-0.096479,-0.009849,0.054539,0.993791,2.478774,1.110229,3.157052
37,0.308333,-0.098955,0.012435,0.025665,0.994683,1.948425,1.132944,3.186415,-0.097835,-0.009963,0.052665,0.993758,2.478269,1.110685,3.156607
38,0.316667,-0.098507,0.014015,0.029524,0.994600,1.948878,1.133496,3.186377,-0.099365,-0.009869,0.050265,0.993732,2.477652,1.111102,3.156128
39,0.325000,-0.098015,0.015232,0.033717,0.994497,1.949348,1.134040,3.186332,-0.101449,-0.009791,0.047446,0.993660,2.476976,1.111541,3.155657
40,0.333333,-0.097591,0.016193,0.038183,0.994362,1.949896,1.134593,3.186303,-0.103975,-0.009469,0.044439,0.993542,2.476194,1.111967,3.155173
41,0.341667,-0.097490,0.017057,0.042473,0.994184,1.950524,1.135115,3.186286,-0.107062,-0.008799,0.041357,0.993353,2.475302,1.112380,3.154730
42,0.350000,-0.097422,0.017571,0.046328,0.994009,1.951273,1.135610,3.186281,-0.110197,-0.007802,0.038489,0.993134,2.474301,1.112770,3.154305
43,0.358333,-0.097541,0.017842,0.049586,0.993835,1.952159,1.136066,3.186300,-0.112962,-0.006734,0.036066,0.992922,2.473205,1.113135,3.153866
44,0.366667,-0.097544,0.017687,0.052157,0.993706,1.953180,1.136495,3.186358,-0.115347,-0.005419,0.034006,0.992728,2.471987,1.113508,3.153469
45,0.375000,-0.097645,0.017307,0.054114,0.993598,1.954315,1.136892,3.186444,-0.117379,-0.003983,0.032015,0.992563,2.470668,1.113897,3.153088
46,0.383333,-0.097713,0.016977,0.055759,0.993506,1.955564,1.137271,3.186567,-0.119597,-0.002650,0.030141,0.992361,2.469277,1.114301,3.152758
47,0.391667,-0.097678,0.016507,0.057191,0.993436,1.956835,1.137596,3.186703,-0.121220,-0.000956,0.028600,0.992213,2.467794,1.114722,3.152506
48,0.400000,-0.097407,0.016131,0.058812,0.993374,1.958213,1.137949,3.186842,-0.122292,0.000639,0.027146,0.992123,2.466276,1.115157,3.152251
49,0.408333,-0.096949,0.015683,0.060827,0.993305,1.959565,1.138284,3.186997,-0.123521,0.002170,0.025570,0.992010,2.464668,1.115612,3.152007
50,0.416667,-0.096332,0.015605,0.063336,0.993210,1.960947,1.138622,3.187166,-0.124781,0.003728,0.023960,0.991888,2.463043,1.116082,3.151810
51,0.425000,-0.095692,0.015749,0.066320,0.993074,1.962310,1.138950,3.187360,-0.126398,0.005393,0.022416,0.991712,2.461306,1.116517,3.151697
52,0.433333,-0.094860,0.016103,0.069537,0.992929,1.963660,1.139252,3.187579,-0.128319,0.007010,0.020886,0.991488,2.459541,1.116945,3.151601
53,0.441667,-0.093755,0.016504,0.072772,0.992795,1.965095,1.139534,3.187846,-0.130723,0.008753,0.019228,0.991194,2.457690,1.117361,3.151533
54,0.450000,-0.092947,0.016819,0.075975,0.992626,1.966572,1.139795,3.188140,-0.133175,0.010683,0.017644,0.990878,2.455798,1.117739,3.151499
55,0.458333,-0.092046,0.016512,0.078501,0.992518,1.968096,1.140023,3.188446,-0.135251,0.012778,0.016371,0.990594,2.453864,1.118087,3.151505
56,0.466667,-0.091536,0.015696,0.079841,0.992472,1.969623,1.140236,3.188753,-0.137583,0.015096,0.014880,0.990263,2.451862,1.118404,3.151579
57,0.475000,-0.091377,0.014753,0.080830,0.992421,1.971197,1.140422,3.189067,-0.139594,0.017138,0.013019,0.989975,2.449861,1.118743,3.151663
58,0.483333,-0.091552,0.013835,0.081768,0.992341,1.972798,1.140593,3.189399,-0.141935,0.019333,0.010837,0.989628,2.447794,1.119050,3.151862
59,0.491667,-0.091854,0.013033,0.082809,0.992238,1.974406,1.140761,3.189733,-0.143748,0.021265,0.008570,0.989349,2.445705,1.119354,3.152030
60,0.500000,-0.091712,0.012864,0.084339,0.992124,1.976047,1.140886,3.190112,-0.145308,0.023527,0.006281,0.989087,2.443572,1.119644,3.152298
61,0.508333,-0.091705,0.012792,0.086100,0.991975,1.977688,1.141024,3.190479,-0.147436,0.025932,0.003711,0.988725,2.441336,1.119882,3.152695
62,0.516667,-0.091723,0.012948,0.088237,0.991783,1.979290,1.141181,3.190832,-0.149368,0.028265,0.001414,0.988377,2.439073,1.120122,3.153141
63,0.525000,-0.091590,0.013027,0.090635,0.991578,1.980844,1.141364,3.191172,-0.151050,0.030709,-0.000645,0.988049,2.436802,1.120346,3.153567
64,0.533333,-0.091667,0.013193,0.093464,0.991306,1.982375,1.141566,3.191508,-0.153432,0.033393,-0.002738,0.987591,2.434455,1.120541,3.154058
65,0.541667,-0.091716,0.013535,0.096872,0.990970,1.983911,1.141778,3.191851,-0.155961,0.036179,-0.004788,0.987089,2.432020,1.120724,3.154585
66,0.550000,-0.091637,0.013859,0.100636,0.990597,1.985449,1.141990,3.192202,-0.158571,0.039058,-0.006910,0.986551,2.429579,1.120898,3.155110
67,0.558333,-0.091668,0.014385,0.104670,0.990169,1.987059,1.142203,3.192593,-0.161283,0.041870,-0.009069,0.985978,2.427090,1.121048,3.155660
68,0.566667,-0.091276,0.015028,0.108909,0.989738,1.988792,1.142380,3.193030,-0.163996,0.044689,-0.011225,0.985384,2.424582,1.121206,3.156199
69,0.575000,-0.091081,0.015241,0.112169,0.989389,1.990617,1.142568,3.193487,-0.166564,0.047763,-0.013157,0.984785,2.422019,1.121364,3.156816
70,0.583333,-0.090843,0.015002,0.114552,0.989141,1.992568,1.142751,3.193985,-0.168952,0.050798,-0.014964,0.984201,2.419442,1.121508,3.157445
71,0.591667,-0.090392,0.014361,0.116611,0.988952,1.994685,1.142889,3.194506,-0.171152,0.053879,-0.016947,0.983624,2.416864,1.121645,3.158082
72,0.600000,-0.090202,0.013346,0.117903,0.988830,1.996933,1.143024,3.195083,-0.173091,0.056842,-0.018940,0.983082,2.414261,1.121819,3.158740
73,0.608333,-0.090179,0.012140,0.118655,0.988758,1.999281,1.143112,3.195688,-0.174777,0.059760,-0.021179,0.982565,2.411685,1.121991,3.159406
74,0.616667,-0.090289,0.010704,0.119171,0.988702,2.001718,1.143180,3.196317,-0.176468,0.062456,-0.023807,0.982035,2.409101,1.122165,3.160085
75,0.625000,-0.090426,0.009054,0.120105,0.988593,2.004225,1.143203,3.196941,-0.177850,0.065160,-0.026560,0.981539,2.406554,1.122341,3.160776
76,0.633333,-0.090730,0.007257,0.120817,0.988493,2.006706,1.143195,3.197561,-0.179258,0.067911,-0.029474,0.981013,2.404018,1.122513,3.161476
77,0.641667,-0.091208,0.006031,0.121761,0.988342,2.009172,1.143171,3.198185,-0.180765,0.070648,-0.032422,0.980450,2.401509,1.122679,3.162183
78,0.650000,-0.091653,0.005244,0.123061,0.988144,2.011626,1.143128,3.198783,-0.182340,0.073363,-0.035304,0.979859,2.399036,1.122834,3.162888
79,0.658333,-0.092150,0.004684,0.124406,0.987932,2.013969,1.143070,3.199374,-0.184093,0.076195,-0.038172,0.979207,2.396592,1.122993,3.163599
80,0.666667,-0.092830,0.004453,0.125878,0.987683,2.016235,1.143007,3.199934,-0.186134,0.078893,-0.040964,0.978495,2.394180,1.123138,3.164281
81,0.675000,-0.093851,0.004278,0.127451,0.987385,2.018479,1.142933,3.200496,-0.188359,0.081670,-0.043682,0.977723,2.391801,1.123276,3.164961
82,0.683333,-0.094731,0.004239,0.129305,0.987061,2.020698,1.142793,3.201046,-0.190895,0.084273,-0.046197,0.976895,2.389489,1.123401,3.165613
83,0.691667,-0.095539,0.003410,0.130673,0.986806,2.022838,1.142612,3.201559,-0.193671,0.086773,-0.048585,0.976013,2.387236,1.123508,3.166221
84,0.700000,-0.096724,0.002578,0.131665,0.986561,2.024957,1.142403,3.202085,-0.196572,0.089164,-0.050879,0.975100,2.385075,1.123605,3.166806
85,0.708333,-0.098066,0.001888,0.132162,0.986363,2.027048,1.142179,3.202606,-0.199525,0.091468,-0.053045,0.974171,2.382999,1.123679,3.167366
86,0.716667,-0.099389,0.000925,0.132196,0.986228,2.029072,1.141898,3.203119,-0.202865,0.093530,-0.055150,0.973168,2.381006,1.123726,3.167873
87,0.725000,-0.100678,-0.000303,0.131785,0.986152,2.031006,1.141573,3.203590,-0.206579,0.095282,-0.057253,0.972095,2.379121,1.123741,3.168320
88,0.733333,-0.102030,-0.001272,0.131315,0.986075,2.032845,1.141203,3.204050,-0.210618,0.097089,-0.059221,0.970931,2.377362,1.123712,3.168714
89,0.741667,-0.103643,-0.002344,0.131060,0.985939,2.034556,1.140773,3.204462,-0.214969,0.098838,-0.061137,0.969681,2.375732,1.123665,3.169043
90,0.750000,-0.105229,-0.003109,0.130932,0.985786,2.036112,1.140310,3.204862,-0.219471,0.100706,-0.062836,0.968371,2.374250,1.123563,3.169312
91,0.758333,-0.106758,-0.003868,0.131100,0.985597,2.037484,1.139841,3.205209,-0.223528,0.102407,-0.064353,0.967164,2.372950,1.123457,3.169468
92,0.766667,-0.108055,-0.004221,0.131594,0.985388,2.038688,1.139368,3.205483,-0.227367,0.103750,-0.065889,0.966022,2.371829,1.123360,3.169502
93,0.775000,-0.109309,-0.004023,0.132334,0.985151,2.039710,1.138877,3.205749,-0.230965,0.104725,-0.067340,0.964963,2.370890,1.123284,3.169416
94,0.783333,-0.110566,-0.003576,0.133213,0.984894,2.040521,1.138391,3.205965,-0.234283,0.105270,-0.068616,0.964013,2.370130,1.123245,3.169200
95,0.791667,-0.111502,-0.002848,0.134657,0.984595,2.041211,1.137896,3.206105,-0.237032,0.105478,-0.069460,0.963258,2.369545,1.123226,3.168849
96,0.800000,-0.112305,-0.002317,0.135938,0.984329,2.041724,1.137421,3.206151,-0.239207,0.105512,-0.069911,0.962684,2.369124,1.123247,3.168380
97,0.808333,-0.113287,-0.001722,0.136932,0.984080,2.042090,1.136969,3.206134,-0.241012,0.105419,-0.070003,0.962237,2.368826,1.123310,3.167813
98,0.816667,-0.113973,-0.000910,0.137578,0.983912,2.042365,1.136557,3.206033,-0.242470,0.105270,-0.069603,0.961916,2.368645,1.123393,3.167126
99,0.825000,-0.114560,0.000235,0.137931,0.983794,2.042565,1.136188,3.205885,-0.243292,0.104923,-0.068830,0.961802,2.368567,1.123521,3.166296
100,0.833333,-0.115140,0.001474,0.138038,0.983710,2.042677,1.135859,3.205676,-0.243893,0.104420,-0.067887,0.961771,2.368555,1.123676,3.165348
101,0.841667,-0.115729,0.002690,0.137935,0.983653,2.042707,1.135561,3.205386,-0.244904,0.104038,-0.066734,0.961637,2.368559,1.123826,3.164318
102,0.850000,-0.116458,0.003828,0.137712,0.983595,2.042685,1.135307,3.205008,-0.245979,0.103826,-0.065402,0.961477,2.368565,1.123984,3.163181
103,0.858333,-0.117313,0.004820,0.137174,0.983564,2.042600,1.135108,3.204556,-0.247134,0.103601,-0.064230,0.961284,2.368573,1.124188,3.161942
104,0.866667,-0.118285,0.005739,0.136564,0.983527,2.042488,1.134963,3.204037,-0.248341,0.103415,-0.063104,0.961067,2.368574,1.124419,3.160636
105,0.875000,-0.119225,0.006614,0.136058,0.983478,2.042363,1.134874,3.203435,-0.249702,0.103273,-0.062082,0.960796,2.368550,1.124686,3.159291
106,0.883333,-0.120126,0.007384,0.135687,0.983415,2.042212,1.134850,3.202766,-0.250928,0.103247,-0.061613,0.960510,2.368509,1.125042,3.157925
107,0.891667,-0.121068,0.008253,0.135519,0.983315,2.042050,1.134909,3.202037,-0.251965,0.103370,-0.061786,0.960214,2.368447,1.125501,3.156551
108,0.900000,-0.121820,0.009004,0.135491,0.983220,2.041875,1.135034,3.201244,-0.252868,0.103460,-0.062671,0.959909,2.368340,1.126072,3.155161
109,0.908333,-0.122487,0.009671,0.135304,0.983156,2.041681,1.135270,3.200432,-0.253756,0.103627,-0.064057,0.959566,2.368204,1.126753,3.153772
110,0.916667,-0.123076,0.010241,0.135001,0.983119,2.041474,1.135627,3.199599,-0.254602,0.104031,-0.065741,0.959184,2.368018,1.127532,3.152415
111,0.925000,-0.123274,0.010698,0.134492,0.983159,2.041225,1.136091,3.198764,-0.255364,0.104609,-0.067688,0.958783,2.367785,1.128422,3.151053
112,0.933333,-0.122926,0.010934,0.133990,0.983268,2.040974,1.136665,3.197935,-0.255982,0.105276,-0.069571,0.958410,2.367517,1.129426,3.149716
113,0.941667,-0.122208,0.011030,0.133393,0.983438,2.040736,1.137352,3.197107,-0.256537,0.105932,-0.071009,0.958084,2.367218,1.130506,3.148395
114,0.950000,-0.121270,0.011054,0.132613,0.983659,2.040494,1.138127,3.196295,-0.256781,0.106727,-0.072080,0.957851,2.366873,1.131676,3.147087
115,0.958333,-0.120268,0.011064,0.131739,0.983899,2.040237,1.138976,3.195472,-0.256737,0.107661,-0.072672,0.957713,2.366499,1.132907,3.145816
116,0.966667,-0.119224,0.011052,0.130909,0.984137,2.039971,1.139881,3.194619,-0.256629,0.108548,-0.072918,0.957623,2.366108,1.134163,3.144544
117,0.975000,-0.118204,0.011308,0.130334,0.984334,2.039690,1.140819,3.193728,-0.256600,0.109440,-0.072946,0.957527,2.365696,1.135430,3.143279
118,0.983333,-0.117581,0.011660,0.129844,0.984469,2.039358,1.141771,3.192791,-0.256652,0.110242,-0.072785,0.957433,2.365306,1.136660,3.142016
119,0.991667,-0.117295,0.012009,0.129349,0.984564,2.038978,1.142705,3.191805,-0.257031,0.111017,-0.072625,0.957254,2.364936,1.137826,3.140724
120,1.000000,-0.117172,0.012641,0.128745,0.984650,2.038552,1.143630,3.190759,-0.257654,0.111666,-0.072537,0.957018,2.364611,1.138912,3.139381
121,1.008333,-0.117389,0.013399,0.128298,0.984673,2.038063,1.144543,3.189623,-0.258865,0.112369,-0.072596,0.956605,2.364332,1.139892,3.138000
122,1.016667,-0.117888,0.014312,0.128120,0.984623,2.037530,1.145431,3.188378,-0.260521,0.112798,-0.072995,0.956074,2.364138,1.140746,3.136516
123,1.025000,-0.118265,0.015470,0.128397,0.984524,2.036981,1.146267,3.187011,-0.262574,0.113005,-0.073896,0.955418,2.364036,1.141470,3.134902
124,1.033333,-0.118817,0.016644,0.128252,0.984458,2.036373,1.147084,3.185499,-0.265268,0.113093,-0.075249,0.954558,2.364010,1.142053,3.133127
125,1.041667,-0.119593,0.017774,0.127763,0.984408,2.035726,1.147871,3.183821,-0.268623,0.113251,-0.076938,0.953465,2.364049,1.142484,3.131158
126,1.050000,-0.120550,0.018984,0.127203,0.984341,2.035068,1.148615,3.181942,-0.272499,0.113309,-0.078835,0.952203,2.364183,1.142775,3.128947
127,1.058333,-0.121751,0.020176,0.126616,0.984245,2.034407,1.149336,3.179836,-0.276591,0.113262,-0.080890,0.950855,2.364422,1.142941,3.126426
128,1.066667,-0.123072,0.021525,0.126015,0.984129,2.033728,1.150041,3.177449,-0.280765,0.113028,-0.083111,0.949467,2.364767,1.143006,3.123550
129,1.075000,-0.124278,0.023204,0.125741,0.983975,2.033017,1.150722,3.174741,-0.284784,0.112520,-0.085512,0.948117,2.365229,1.142989,3.120280
130,1.083333,-0.125710,0.025111,0.125443,0.983784,2.032253,1.151391,3.171656,-0.288629,0.111680,-0.087820,0.946841,2.365805,1.142897,3.116567
131,1.091667,-0.127645,0.027417,0.124772,0.983558,2.031382,1.152067,3.168140,-0.292436,0.110672,-0.089806,0.945604,2.366452,1.142716,3.112381
132,1.100000,-0.129841,0.030128,0.124093,0.983277,2.030420,1.152720,3.164149,-0.296304,0.109542,-0.091336,0.944385,2.367135,1.142444,3.107676
133,1.108333,-0.132261,0.033267,0.123621,0.982913,2.029415,1.153307,3.159643,-0.300372,0.108415,-0.092568,0.943109,2.367834,1.142078,3.102407
134,1.116667,-0.135191,0.036629,0.122649,0.982517,2.028357,1.153845,3.154578,-0.304846,0.107236,-0.093508,0.941714,2.368525,1.141629,3.096539
135,1.125000,-0.138532,0.039969,0.120650,0.982169,2.027283,1.154358,3.148906,-0.309978,0.106083,-0.094431,0.940076,2.369178,1.141096,3.090038
136,1.133333,-0.142430,0.043308,0.117740,0.981822,2.026241,1.154845,3.142590,-0.315996,0.104870,-0.095703,0.938078,2.369824,1.140485,3.082871
137,1.141667,-0.147200,0.046648,0.114040,0.981403,2.025215,1.155343,3.135586,-0.323481,0.103370,-0.097873,0.935465,2.370500,1.139820,3.075003
138,1.150000,-0.153049,0.050009,0.109918,0.980813,2.024218,1.155892,3.127890,-0.332212,0.101710,-0.101243,0.932223,2.371245,1.139160,3.066433
139,1.158333,-0.159582,0.053414,0.105613,0.980065,2.023194,1.156528,3.119463,-0.342333,0.099909,-0.105631,0.928261,2.372101,1.138542,3.057204
140,1.166667,-0.166539,0.056861,0.101303,0.979168,2.022063,1.157284,3.110289,-0.353166,0.097677,-0.111090,0.923792,2.373068,1.138040,3.047294
141,1.175000,-0.174545,0.060631,0.098038,0.977879,2.020780,1.158225,3.100356,-0.364432,0.094930,-0.117032,0.918956,2.374123,1.137712,3.036688
142,1.183333,-0.183455,0.065326,0.096140,0.976132,2.019331,1.159385,3.089636,-0.376133,0.091714,-0.122896,0.913788,2.375239,1.137628,3.025414
143,1.191667,-0.193081,0.070991,0.095745,0.973916,2.017645,1.160810,3.078116,-0.388058,0.087901,-0.128427,0.908400,2.376395,1.137898,3.013513
144,1.200000,-0.203793,0.077397,0.097102,0.971107,2.015673,1.162579,3.065800,-0.400209,0.083572,-0.133158,0.902839,2.377566,1.138636,3.001008
145,1.208333,-0.214809,0.084298,0.099481,0.967912,2.013433,1.164792,3.052757,-0.412906,0.079032,-0.136240,0.897051,2.378755,1.139937,2.987975
146,1.216667,-0.225842,0.091641,0.101215,0.964548,2.011003,1.167567,3.039073,-0.424809,0.073632,-0.138131,0.891648,2.380096,1.142063,2.974384
147,1.225000,-0.236627,0.099358,0.101201,0.961194,2.008477,1.171019,3.024833,-0.436116,0.067805,-0.138149,0.886634,2.381576,1.145175,2.960350
148,1.233333,-0.246727,0.106828,0.099320,0.958045,2.005828,1.175299,3.010129,-0.446817,0.061705,-0.135299,0.882180,2.383164,1.149443,2.945994
149,1.241667,-0.255844,0.114559,0.095866,0.955107,2.003014,1.180574,2.995102,-0.456056,0.054882,-0.129218,0.878808,2.384922,1.155125,2.931371
150,1.250000,-0.263941,0.122828,0.091795,0.952272,2.000029,1.187007,2.979853,-0.463129,0.047266,-0.118815,0.877018,2.386868,1.162474,2.916569
151,1.258333,-0.271397,0.131487,0.087818,0.949391,1.996806,1.194770,2.964508,-0.467613,0.038871,-0.103401,0.877004,2.388963,1.171740,2.901667
152,1.266667,-0.278397,0.140591,0.084044,0.946396,1.993260,1.204081,2.949203,-0.470298,0.029772,-0.082929,0.878098,2.391211,1.183230,2.886855
153,1.275000,-0.284849,0.150123,0.080440,0.943320,1.989376,1.215186,2.934057,-0.471637,0.019991,-0.058163,0.879646,2.393584,1.197317,2.872283
154,1.283333,-0.290098,0.160250,0.076818,0.940352,1.985204,1.228317,2.919239,-0.470318,0.009661,-0.031415,0.881885,2.396007,1.214305,2.857943
155,1.291667,-0.293543,0.170380,0.072369,0.937852,1.980931,1.243779,2.904902,-0.465058,-0.000888,-0.006018,0.885259,2.398394,1.234375,2.843939
156,1.300000,-0.293726,0.180372,0.066662,0.936348,1.976723,1.261846,2.891097,-0.454090,-0.011251,0.013652,0.890780,2.400651,1.257659,2.830427
157,1.308333,-0.289721,0.190127,0.059853,0.936126,1.972746,1.282760,2.877953,-0.436939,-0.020958,0.022764,0.898959,2.402680,1.284114,2.817553
158,1.316667,-0.280281,0.198664,0.054050,0.937579,1.969364,1.306571,2.865563,-0.413889,-0.028774,0.019433,0.909665,2.404330,1.313397,2.805556
159,1.325000,-0.264642,0.205164,0.050826,0.940898,1.966863,1.333238,2.854008,-0.385858,-0.033254,0.003716,0.921951,2.405548,1.345062,2.794667
160,1.333333,-0.243265,0.208741,0.051930,0.945808,1.965309,1.362592,2.843475,-0.354905,-0.034362,-0.023036,0.933987,2.406451,1.378613,2.785044
161,1.341667,-0.217380,0.208708,0.057638,0.951769,1.964608,1.394390,2.834182,-0.323107,-0.031775,-0.056666,0.944130,2.407069,1.413563,2.776889
162,1.350000,-0.188664,0.205222,0.067079,0.958014,1.964620,1.428286,2.826367,-0.292093,-0.025360,-0.091548,0.951660,2.407425,1.449516,2.770360
163,1.358333,-0.157873,0.198924,0.080003,0.963901,1.965233,1.463820,2.820307,-0.261861,-0.016081,-0.123343,0.957056,2.407628,1.486194,2.765561
164,1.366667,-0.125559,0.189590,0.093584,0.969295,1.966208,1.500612,2.816232,-0.231955,-0.005470,-0.149800,0.961107,2.407869,1.523420,2.762605
165,1.375000,-0.091431,0.178670,0.105929,0.973908,1.967530,1.538211,2.814327,-0.201686,0.004766,-0.170136,0.964548,2.408346,1.560982,2.761560
166,1.383333,-0.054473,0.167602,0.116603,0.977418,1.969263,1.576115,2.814753,-0.170104,0.013611,-0.184800,0.967847,2.409155,1.598587,2.762485
167,1.391667,-0.014885,0.156743,0.123906,0.979723,1.971236,1.613954,2.817672,-0.136631,0.020495,-0.194506,0.971123,2.410327,1.635915,2.765416
168,1.400000,0.026672,0.146625,0.127558,0.980570,1.973305,1.651336,2.823129,-0.101227,0.025553,-0.200330,0.974150,2.411832,1.672651,2.770375
169,1.408333,0.069765,0.137316,0.129020,0.979608,1.975336,1.687849,2.831104,-0.064121,0.029270,-0.203658,0.976501,2.413555,1.708465,2.777331
170,1.416667,0.113577,0.128461,0.129720,0.976612,1.977260,1.723103,2.841541,-0.025669,0.032268,-0.205475,0.977793,2.415355,1.743092,2.786250
171,1.425000,0.157111,0.119861,0.130138,0.971604,1.979092,1.756711,2.854275,0.013735,0.035605,-0.206891,0.977619,2.417090,1.776346,2.797145
172,1.433333,0.200180,0.111578,0.130919,0.964540,1.980759,1.788378,2.869164,0.054418,0.040085,-0.208763,0.975628,2.418666,1.808048,2.809993
173,1.441667,0.242365,0.103051,0.133323,0.955439,1.982202,1.817882,2.885982,0.095892,0.046278,-0.211504,0.971560,2.419995,1.838047,2.824784
174,1.450000,0.282791,0.093667,0.137712,0.944612,1.983422,1.844995,2.904423,0.137298,0.054821,-0.215336,0.965285,2.420942,1.866287,2.841513
175,1.458333,0.321570,0.083260,0.144138,0.932140,1.984498,1.869541,2.924240,0.178681,0.066525,-0.219659,0.956764,2.421405,1.892642,2.860174
176,1.466667,0.359353,0.072143,0.151677,0.917962,1.985483,1.891371,2.945170,0.220802,0.081254,-0.223860,0.945797,2.421328,1.916900,2.880812
177,1.475000,0.396415,0.060908,0.158555,0.902223,1.986451,1.910350,2.966916,0.264778,0.097687,-0.226812,0.932151,2.420703,1.938879,2.903436
178,1.483333,0.432286,0.050133,0.163183,0.885430,1.987562,1.926466,2.989165,0.310394,0.114445,-0.226527,0.916102,2.419474,1.958295,2.927938
179,1.491667,0.466795,0.039992,0.164002,0.868105,1.988874,1.939729,3.011549,0.356820,0.130051,-0.221917,0.898064,2.417641,1.974847,2.954080
180,1.500000,0.500158,0.030358,0.160455,0.850397,1.990401,1.950120,3.033768,0.403489,0.143504,-0.212942,0.878213,2.415354,1.988302,2.981510
181,1.508333,0.532928,0.020534,0.153844,0.831805,1.992110,1.957704,3.055664,0.449856,0.154429,-0.200554,0.856481,2.412752,1.998429,3.009786
182,1.516667,0.565625,0.009476,0.145555,0.811660,1.993937,1.962586,3.077040,0.495203,0.163071,-0.186336,0.832743,2.409988,2.005170,3.038286
183,1.525000,0.598094,-0.002557,0.135798,0.789833,1.995811,1.964867,3.097619,0.538525,0.169982,-0.171324,0.807307,2.407252,2.008650,3.066298
184,1.533333,0.630416,-0.014114,0.125289,0.765950,1.997650,1.964675,3.117131,0.579048,0.175524,-0.156423,0.780658,2.404716,2.009109,3.093187
185,1.541667,0.662461,-0.023048,0.115360,0.739801,1.999446,1.962239,3.135346,0.616138,0.180766,-0.143555,0.753053,2.402569,2.006895,3.118392
186,1.550000,0.693891,-0.028208,0.106588,0.711588,2.001191,1.957827,3.152099,0.649168,0.187018,-0.134506,0.724923,2.400960,2.002418,3.141472
187,1.558333,0.724415,-0.030257,0.098028,0.681687,2.002890,1.951648,3.167268,0.677701,0.194835,-0.129463,0.697137,2.399945,1.996083,3.162164
188,1.566667,0.753534,-0.030400,0.088185,0.650758,2.004570,1.943921,3.180731,0.701467,0.204168,-0.127487,0.670825,2.399461,1.988314,3.180367
189,1.575000,0.780492,-0.029752,0.076660,0.619734,2.006206,1.934914,3.192396,0.720234,0.214639,-0.127095,0.647333,2.399337,1.979498,3.196155
190,1.583333,0.804579,-0.029243,0.064052,0.589656,2.007706,1.924925,3.202287,0.734530,0.225471,-0.126687,0.627359,2.399382,1.969888,3.209688
191,1.591667,0.825305,-0.029959,0.051417,0.561543,2.009003,1.914245,3.210496,0.745454,0.235947,-0.125082,0.610722,2.399447,1.959669,3.221103
192,1.600000,0.842519,-0.032741,0.039834,0.536194,2.010079,1.903090,3.217107,0.753955,0.245424,-0.121883,0.597046,2.399462,1.949015,3.230497
193,1.608333,0.856803,-0.037936,0.029526,0.513399,2.010920,1.891586,3.222186,0.760847,0.252888,-0.117623,0.585939,2.399405,1.938066,3.237936
194,1.616667,0.868858,-0.045731,0.020322,0.492526,2.011553,1.879793,3.225819,0.766774,0.257713,-0.113021,0.576947,2.399286,1.926933,3.243481
195,1.625000,0.879264,-0.055785,0.011932,0.472906,2.012035,1.867701,3.228063,0.772295,0.259940,-0.108332,0.569435,2.399127,1.915704,3.247214
196,1.633333,0.888427,-0.065964,0.003830,0.454238,2.012457,1.855353,3.228920,0.777548,0.259988,-0.103500,0.563128,2.398905,1.904446,3.249175
197,1.641667,0.896727,-0.073946,-0.004756,0.436337,2.012929,1.842842,3.228448,0.782783,0.258143,-0.098213,0.557644,2.398599,1.893212,3.249459
198,1.650000,0.904228,-0.078253,-0.014479,0.419570,2.013488,1.830223,3.226678,0.788271,0.254737,-0.092009,0.552515,2.398199,1.882020,3.248213
199,1.658333,0.910518,-0.078875,-0.025323,0.405086,2.014129,1.817587,3.223725,0.793368,0.250560,-0.084170,0.548363,2.397652,1.870856,3.245488
200,1.666667,0.915178,-0.077618,-0.037053,0.393766,2.014796,1.804986,3.219798,0.797552,0.246261,-0.074329,0.545658,2.396956,1.859727,3.241397
201,1.675000,0.917714,-0.076346,-0.049112,0.386732,2.015407,1.792430,3.215094,0.800288,0.242526,-0.062553,0.544801,2.396142,1.848632,3.236075
202,1.683333,0.918180,-0.076155,-0.061202,0.383927,2.015904,1.779844,3.209740,0.800943,0.240207,-0.049466,0.546208,2.395247,1.837509,3.229576
203,1.691667,0.917059,-0.077484,-0.072812,0.384313,2.016151,1.767065,3.203883,0.799546,0.239943,-0.036210,0.549401,2.394373,1.826285,3.221965
204,1.700000,0.915017,-0.080139,-0.083751,0.386404,2.016112,1.753956,3.197538,0.796600,0.242077,-0.023963,0.553401,2.393629,1.814811,3.213329
205,1.708333,0.912158,-0.084239,-0.093872,0.389948,2.015857,1.740393,3.190771,0.792614,0.247077,-0.014288,0.557235,2.393089,1.802887,3.203810
206,1.716667,0.909152,-0.088214,-0.102819,0.393815,2.015455,1.726385,3.183851,0.787802,0.255092,-0.008158,0.560561,2.392846,1.790348,3.193558
207,1.725000,0.905640,-0.090445,-0.111095,0.399115,2.014976,1.712049,3.176855,0.781762,0.265460,-0.005509,0.564225,2.392961,1.777107,3.182668
208,1.733333,0.899936,-0.091359,-0.118281,0.409608,2.014471,1.697354,3.169656,0.774211,0.276747,-0.005917,0.569187,2.393349,1.763144,3.171231
209,1.741667,0.892426,-0.091859,-0.123527,0.424121,2.013920,1.682323,3.162611,0.765053,0.287216,-0.009232,0.576294,2.393913,1.748487,3.159449
210,1.750000,0.883569,-0.092294,-0.126553,0.441329,2.013294,1.666970,3.155921,0.754397,0.295081,-0.014512,0.586175,2.394658,1.733144,3.147487
211,1.758333,0.873267,-0.092713,-0.127304,0.461089,2.012525,1.651184,3.149528,0.741788,0.299597,-0.020374,0.599648,2.395462,1.717044,3.135418
212,1.766667,0.861751,-0.093686,-0.125853,0.482462,2.011602,1.634857,3.143470,0.727794,0.300386,-0.026627,0.615934,2.396305,1.700124,3.123393
213,1.775000,0.848891,-0.095409,-0.122606,0.505222,2.010619,1.617920,3.137783,0.713261,0.297750,-0.033035,0.633650,2.397230,1.682344,3.111559
214,1.783333,0.834976,-0.097246,-0.118914,0.528411,2.009709,1.600378,3.132462,0.698152,0.293323,-0.039180,0.651929,2.398262,1.663622,3.100019
215,1.791667,0.820085,-0.099141,-0.116067,0.551507,2.008945,1.582216,3.127530,0.682096,0.288674,-0.044242,0.670414,2.399318,1.643844,3.088844
216,1.800000,0.804631,-0.101117,-0.115484,0.573592,2.008315,1.563469,3.123039,0.664407,0.284742,-0.047816,0.689347,2.400266,1.623049,3.078146
217,1.808333,0.788429,-0.103347,-0.116496,0.595086,2.007806,1.544145,3.118983,0.644881,0.281341,-0.049965,0.708858,2.401019,1.601340,3.067956
218,1.816667,0.770804,-0.106190,-0.117844,0.617007,2.007330,1.524267,3.115326,0.624231,0.278524,-0.051357,0.728095,2.401693,1.578788,3.058438
219,1.825000,0.751954,-0.109238,-0.119141,0.639091,2.006795,1.503876,3.112077,0.601014,0.276678,-0.052338,0.747992,2.402336,1.555412,3.049603
220,1.833333,0.731552,-0.112227,-0.119914,0.661709,2.006216,1.482985,3.109307,0.574336,0.275131,-0.052923,0.769182,2.402848,1.531214,3.041411
221,1.841667,0.709818,-0.114739,-0.119894,0.684557,2.005594,1.461566,3.107028,0.545117,0.272806,-0.053748,0.790908,2.403308,1.506302,3.033997
222,1.850000,0.686673,-0.116562,-0.119261,0.707580,2.004982,1.439605,3.105276,0.511756,0.269853,-0.055824,0.813737,2.403733,1.480671,3.027323
223,1.858333,0.661282,-0.117975,-0.117878,0.731364,2.004472,1.416981,3.104102,0.473485,0.266554,-0.060627,0.837308,2.404159,1.454394,3.021390
224,1.866667,0.634380,-0.119284,-0.115709,0.754947,2.004070,1.393693,3.103578,0.429153,0.262770,-0.067922,0.861491,2.404475,1.427503,3.016185
225,1.875000,0.604258,-0.121245,-0.113587,0.779275,2.003761,1.369824,3.103813,0.378931,0.257855,-0.076586,0.885470,2.404511,1.399958,3.011757
226,1.883333,0.570874,-0.123748,-0.112975,0.803757,2.003642,1.345352,3.104759,0.324585,0.251225,-0.085098,0.907903,2.404162,1.371780,3.008274
227,1.891667,0.536335,-0.125775,-0.115293,0.826579,2.003884,1.320289,3.106232,0.265962,0.243915,-0.091856,0.928080,2.403316,1.342954,3.005869
228,1.900000,0.497242,-0.129997,-0.119853,0.849404,2.004297,1.294877,3.108460,0.204347,0.237464,-0.095686,0.944827,2.401934,1.313622,3.004779
229,1.908333,0.453112,-0.136336,-0.125988,0.871911,2.004794,1.269327,3.111562,0.140836,0.233016,-0.094581,0.957561,2.399881,1.283856,3.005171
230,1.916667,0.404967,-0.144536,-0.133932,0.892845,2.005330,1.243867,3.115524,0.078394,0.232150,-0.088136,0.965501,2.397333,1.253959,3.007400
231,1.925000,0.353867,-0.154897,-0.143350,0.911173,2.005718,1.218751,3.120266,0.018220,0.235755,-0.077016,0.968585,2.394473,1.224336,3.011626
232,1.933333,0.301150,-0.165787,-0.153510,0.926422,2.005832,1.194273,3.125732,-0.039791,0.243650,-0.063445,0.966968,2.391497,1.195390,3.017776
233,1.941667,0.242443,-0.174337,-0.159622,0.940930,2.005973,1.171003,3.131870,-0.095378,0.254058,-0.050554,0.961146,2.388763,1.167567,3.025609
234,1.950000,0.183082,-0.180609,-0.164272,0.952300,2.005582,1.149303,3.138260,-0.148245,0.263722,-0.041086,0.952253,2.386543,1.141240,3.034749
235,1.958333,0.124911,-0.181867,-0.167494,0.960868,2.004869,1.129289,3.144751,-0.197236,0.269609,-0.036864,0.941833,2.385230,1.116830,3.044744
236,1.966667,0.067653,-0.177699,-0.168581,0.967175,2.003920,1.110986,3.151041,-0.241251,0.269410,-0.039105,0.931497,2.384925,1.094612,3.055187
237,1.975000,0.010874,-0.169231,-0.167128,0.971242,2.002647,1.094658,3.156929,-0.279498,0.263248,-0.048314,0.922088,2.385592,1.074828,3.065760
238,1.983333,-0.044098,-0.159073,-0.160803,0.973085,2.001230,1.080592,3.162549,-0.312583,0.253834,-0.063354,0.913152,2.387115,1.057555,3.076385
239,1.991667,-0.094160,-0.147312,-0.150125,0.973086,1.999434,1.068923,3.167981,-0.338870,0.241780,-0.083935,0.905353,2.389427,1.042868,3.086787
240,2.000000,-0.136980,-0.133697,-0.137481,0.971834,1.997504,1.059415,3.173086,-0.357973,0.226759,-0.110186,0.899052,2.392374,1.030732,3.096779
241,2.008333,-0.171213,-0.118585,-0.122677,0.970348,1.995456,1.052078,3.177901,-0.371305,0.209592,-0.139568,0.893714,2.395577,1.020865,3.106276
242,2.016667,-0.199084,-0.103479,-0.105196,0.968809,1.993568,1.046564,3.182365,-0.379812,0.190417,-0.170077,0.889133,2.399168,1.013042,3.115172
243,2.025000,-0.218078,-0.086444,-0.085629,0.968317,1.991755,1.042899,3.186343,-0.383364,0.169253,-0.201569,0.885300,2.403021,1.007127,3.123299
244,2.033333,-0.229947,-0.067142,-0.062830,0.968849,1.989756,1.041099,3.189849,-0.382520,0.145894,-0.232763,0.882165,2.406956,1.002863,3.130437
245,2.041667,-0.236638,-0.046268,-0.038303,0.969740,1.987769,1.040744,3.192913,-0.379462,0.122517,-0.260720,0.879217,2.410841,0.999977,3.136840
246,2.050000,-0.239576,-0.023932,-0.012125,0.970507,1.985711,1.041601,3.195505,-0.375726,0.100024,-0.285484,0.875970,2.414454,0.998259,3.142535
247,2.058333,-0.238782,-0.000661,0.016422,0.970934,1.983675,1.043490,3.197549,-0.368653,0.077409,-0.307893,0.873673,2.417972,0.997694,3.147397
248,2.066667,-0.236096,0.022401,0.046046,0.970380,1.981654,1.046040,3.199129,-0.360136,0.055555,-0.328071,0.871542,2.421378,0.998028,3.151612
249,2.075000,-0.232919,0.044404,0.075546,0.968540,1.979697,1.048993,3.200288,-0.351170,0.035180,-0.346482,0.869133,2.424495,0.998948,3.155231
250,2.083333,-0.229622,0.063810,0.103156,0.965692,1.977900,1.052139,3.201103,-0.342256,0.016170,-0.363810,0.866165,2.427395,1.000302,3.158306
251,2.091667,-0.226272,0.079490,0.126525,0.962535,1.976459,1.055321,3.201624,-0.332904,-0.001370,-0.379681,0.863143,2.430149,1.001993,3.160923
252,2.100000,-0.224602,0.091228,0.143952,0.959432,1.975503,1.058357,3.201946,-0.322889,-0.018093,-0.394757,0.859990,2.432780,1.003911,3.163038
253,2.108333,-0.223597,0.098740,0.153624,0.957421,1.975152,1.061220,3.201993,-0.313313,-0.033494,-0.409359,0.856235,2.435174,1.005901,3.164742
254,2.116667,-0.223057,0.102126,0.155484,0.956891,1.975401,1.063857,3.201812,-0.304678,-0.047493,-0.423084,0.852007,2.437303,1.007895,3.166083
255,2.125000,-0.222503,0.102296,0.150972,0.957724,1.976104,1.066281,3.201442,-0.296513,-0.060409,-0.434880,0.848121,2.439176,1.009837,3.167068
256,2.133333,-0.221102,0.100111,0.142540,0.959570,1.977085,1.068522,3.200952,-0.289128,-0.072095,-0.444108,0.844971,2.440721,1.011710,3.167776
257,2.141667,-0.218351,0.096660,0.132413,0.962001,1.978182,1.070626,3.200383,-0.282076,-0.082423,-0.450393,0.843081,2.441975,1.013573,3.168135
258,2.150000,-0.214462,0.093237,0.122205,0.964561,1.979281,1.072635,3.199723,-0.275062,-0.091310,-0.453244,0.842955,2.442937,1.015443,3.168157
259,2.158333,-0.209448,0.091060,0.113315,0.966954,1.980239,1.074545,3.198962,-0.269056,-0.097783,-0.452389,0.844625,2.443532,1.017293,3.167929
260,2.166667,-0.203858,0.090152,0.106517,0.969004,1.980965,1.076366,3.198088,-0.262810,-0.102300,-0.448353,0.848201,2.443848,1.019209,3.167394
261,2.175000,-0.198386,0.090622,0.102453,0.970533,1.981416,1.078120,3.197073,-0.256394,-0.104897,-0.441380,0.853489,2.443923,1.021206,3.166549
262,2.183333,-0.193307,0.092558,0.101630,0.971461,1.981580,1.079811,3.195951,-0.250317,-0.105555,-0.431910,0.860031,2.443808,1.023181,3.165448
263,2.191667,-0.189157,0.095682,0.103441,0.971784,1.981480,1.081392,3.194737,-0.244160,-0.105040,-0.421032,0.867228,2.443554,1.025146,3.164130
264,2.200000,-0.185779,0.099728,0.107439,0.971595,1.981159,1.082886,3.193467,-0.238777,-0.103731,-0.409974,0.874155,2.443204,1.027036,3.162655
265,2.208333,-0.183101,0.104485,0.113203,0.970949,1.980653,1.084277,3.192155,-0.234454,-0.101721,-0.399432,0.880419,2.442848,1.028812,3.161075
266,2.216667,-0.181032,0.109522,0.120249,0.969934,1.980059,1.085580,3.190852,-0.230812,-0.099914,-0.390397,0.885626,2.442522,1.030440,3.159441
267,2.225000,-0.179296,0.114586,0.127627,0.968728,1.979457,1.086794,3.189559,-0.227622,-0.098698,-0.383433,0.889621,2.442283,1.031897,3.157789
268,2.233333,-0.177586,0.119105,0.134216,0.967607,1.978938,1.087925,3.188345,-0.224761,-0.098004,-0.378638,0.892475,2.442173,1.033218,3.156169
269,2.241667,-0.175687,0.122718,0.138880,0.966844,1.978557,1.088974,3.187244,-0.222367,-0.098073,-0.376103,0.894137,2.442172,1.034405,3.154648
270,2.250000,-0.173161,0.125285,0.141220,0.966631,1.978361,1.089952,3.186247,-0.220321,-0.099005,-0.375523,0.894784,2.442252,1.035497,3.153265
271,2.258333,-0.170024,0.127029,0.141322,0.966946,1.978434,1.090847,3.185405,-0.218208,-0.100459,-0.375728,0.895054,2.442395,1.036546,3.151980
272,2.266667,-0.166290,0.127847,0.139515,0.967749,1.978755,1.091672,3.184730,-0.216220,-0.102327,-0.376223,0.895117,2.442556,1.037582,3.150796
273,2.275000,-0.162259,0.127778,0.136300,0.968900,1.979254,1.092442,3.184195,-0.214692,-0.104290,-0.376468,0.895155,2.442695,1.038608,3.149740
274,2.283333,-0.158376,0.126984,0.132273,0.970204,1.979886,1.093156,3.183775,-0.213603,-0.106018,-0.376088,0.895373,2.442779,1.039638,3.148806
275,2.291667,-0.154914,0.125531,0.127938,0.971533,1.980610,1.093805,3.183450,-0.212622,-0.107258,-0.374765,0.896013,2.442811,1.040702,3.147965
276,2.300000,-0.152101,0.123686,0.123833,0.972745,1.981377,1.094377,3.183202,-0.211765,-0.107928,-0.372674,0.897007,2.442797,1.041774,3.147191
277,2.308333,-0.149631,0.121650,0.120035,0.973860,1.982140,1.094873,3.183008,-0.210838,-0.107982,-0.369924,0.898356,2.442754,1.042853,3.146487
278,2.316667,-0.147613,0.119834,0.116653,0.974804,1.982855,1.095280,3.182871,-0.209778,-0.107508,-0.366554,0.900041,2.442705,1.043939,3.145876
279,2.325000,-0.145839,0.118145,0.113747,0.975620,1.983564,1.095613,3.182794,-0.208348,-0.107034,-0.362865,0.901922,2.442668,1.044962,3.145368
280,2.333333,-0.144219,0.116999,0.111261,0.976285,1.984205,1.095871,3.182754,-0.206730,-0.106725,-0.359027,0.903865,2.442677,1.045912,3.144971
281,2.341667,-0.142447,0.116373,0.109048,0.976870,1.984764,1.096053,3.182787,-0.205031,-0.106693,-0.355261,0.905742,2.442746,1.046762,3.144678
282,2.350000,-0.140371,0.115823,0.107163,0.977444,1.985266,1.096207,3.182909,-0.203189,-0.106960,-0.351698,0.907514,2.442904,1.047498,3.144496
283,2.358333,-0.137741,0.115195,0.104921,0.978136,1.985772,1.096332,3.183089,-0.201701,-0.107526,-0.348280,0.909096,2.443150,1.048123,3.144420
284,2.366667,-0.134953,0.114423,0.101889,0.978935,1.986309,1.096436,3.183338,-0.200483,-0.108393,-0.345032,0.910500,2.443470,1.048596,3.144445
285,2.375000,-0.132325,0.113401,0.097626,0.979847,1.986889,1.096451,3.183609,-0.199571,-0.109529,-0.341996,0.911709,2.443852,1.048913,3.144567
286,2.383333,-0.130119,0.111788,0.092256,0.980847,1.987486,1.096370,3.183918,-0.199008,-0.110887,-0.339185,0.912718,2.444281,1.049091,3.144773
287,2.391667,-0.128313,0.109528,0.086222,0.981889,1.988158,1.096238,3.184230,-0.198796,-0.112384,-0.336585,0.913543,2.444744,1.049115,3.145038
288,2.400000,-0.126854,0.106869,0.080120,0.982887,1.988802,1.096071,3.184524,-0.199396,-0.113724,-0.334221,0.914114,2.445207,1.049032,3.145380
289,2.408333,-0.125774,0.104205,0.074629,0.983744,1.989390,1.095881,3.184799,-0.200499,-0.114886,-0.331735,0.914633,2.445660,1.048823,3.145730
290,2.416667,-0.125219,0.101881,0.070015,0.984397,1.989862,1.095673,3.185038,-0.201909,-0.115920,-0.329096,0.915145,2.446120,1.048514,3.146087
291,2.425000,-0.124937,0.100055,0.066645,0.984854,1.990222,1.095482,3.185251,-0.203223,-0.116857,-0.326428,0.915691,2.446576,1.048144,3.146456
292,2.433333,-0.124776,0.098789,0.064541,0.985143,1.990475,1.095314,3.185448,-0.204425,-0.117754,-0.323842,0.916227,2.447048,1.047749,3.146841
293,2.441667,-0.124520,0.097996,0.063369,0.985330,1.990647,1.095175,3.185649,-0.205427,-0.118702,-0.321362,0.916753,2.447557,1.047346,3.147235
294,2.450000,-0.123938,0.097475,0.062717,0.985497,1.990790,1.095071,3.185877,-0.206361,-0.119745,-0.319271,0.917138,2.448112,1.046963,3.147628
295,2.458333,-0.123014,0.096960,0.062019,0.985708,1.990934,1.095001,3.186148,-0.207327,-0.120738,-0.317447,0.917423,2.448647,1.046604,3.148049
296,2.466667,-0.121820,0.096149,0.060604,0.986024,1.991117,1.094973,3.186435,-0.208042,-0.121931,-0.315672,0.917716,2.449171,1.046299,3.148475
297,2.475000,-0.120264,0.095208,0.058725,0.986420,1.991368,1.094955,3.186777,-0.208913,-0.123014,-0.313730,0.918040,2.449650,1.046061,3.148890
298,2.483333,-0.118505,0.093935,0.056096,0.986907,1.991693,1.094963,3.187151,-0.209918,-0.123806,-0.311494,0.918465,2.450077,1.045901,3.149285
299,2.491667,-0.116729,0.092474,0.052887,0.987434,1.992099,1.094994,3.187529,-0.210955,-0.124218,-0.308926,0.919039,2.450419,1.045812,3.149634
300,2.500000,-0.114998,0.090718,0.049462,0.987977,1.992578,1.095051,3.187904,-0.211974,-0.124182,-0.306035,0.919776,2.450677,1.045777,3.149940
301,2.508333,-0.113617,0.088819,0.045950,0.988479,1.993078,1.095103,3.188279,-0.212798,-0.123759,-0.303033,0.920637,2.450845,1.045800,3.150206
302,2.516667,-0.112577,0.086762,0.042572,0.988932,1.993577,1.095153,3.188628,-0.213387,-0.123078,-0.299713,0.921678,2.450931,1.045862,3.150457
303,2.525000,-0.112117,0.084819,0.039965,0.989262,1.994067,1.095207,3.188945,-0.213884,-0.122259,-0.296296,0.922776,2.450948,1.045968,3.150697
304,2.533333,-0.112347,0.083152,0.038386,0.989439,1.994505,1.095245,3.189258,-0.214217,-0.121392,-0.292992,0.923867,2.450897,1.046105,3.150927
305,2.541667,-0.112902,0.081865,0.037965,0.989500,1.994882,1.095281,3.189555,-0.214395,-0.120567,-0.290008,0.924875,2.450788,1.046277,3.151147
306,2.550000,-0.113475,0.081022,0.038695,0.989475,1.995170,1.095294,3.189852,-0.214431,-0.119750,-0.287316,0.925812,2.450629,1.046460,3.151348
307,2.558333,-0.113929,0.080581,0.040165,0.989401,1.995378,1.095306,3.190117,-0.214704,-0.118763,-0.285098,0.926562,2.450437,1.046673,3.151531
308,2.566667,-0.114509,0.080486,0.042087,0.989262,1.995529,1.095300,3.190377,-0.214922,-0.117736,-0.282567,0.927417,2.450209,1.046886,3.151676
309,2.575000,-0.114940,0.080546,0.043865,0.989129,1.995629,1.095269,3.190625,-0.215482,-0.116523,-0.279947,0.928235,2.449924,1.047110,3.151785
310,2.583333,-0.115451,0.080766,0.045443,0.988981,1.995702,1.095226,3.190842,-0.216456,-0.115115,-0.277414,0.928944,2.449581,1.047317,3.151855
311,2.591667,-0.115737,0.080900,0.046436,0.988890,1.995741,1.095163,3.191031,-0.217491,-0.113660,-0.274916,0.929624,2.449218,1.047532,3.151894
312,2.600000,-0.115812,0.080892,0.046658,0.988872,1.995751,1.095072,3.191186,-0.218347,-0.112274,-0.272592,0.930276,2.448865,1.047770,3.151896
313,2.608333,-0.116017,0.080783,0.046281,0.988874,1.995752,1.094962,3.191288,-0.219026,-0.111120,-0.270395,0.930896,2.448549,1.048031,3.151867
314,2.616667,-0.116441,0.080508,0.045486,0.988884,1.995729,1.094843,3.191334,-0.219476,-0.110173,-0.268449,0.931465,2.448257,1.048304,3.151824
315,2.625000,-0.117249,0.080265,0.044638,0.988847,1.995686,1.094718,3.191314,-0.219693,-0.109531,-0.266982,0.931911,2.447992,1.048573,3.151766
316,2.633333,-0.118334,0.080043,0.044007,0.988764,1.995608,1.094591,3.191246,-0.219847,-0.109187,-0.265909,0.932222,2.447775,1.048834,3.151693
317,2.641667,-0.119566,0.079906,0.043858,0.988633,1.995490,1.094476,3.191144,-0.220134,-0.109174,-0.265306,0.932328,2.447613,1.049072,3.151599
318,2.650000,-0.120910,0.079943,0.044317,0.988446,1.995332,1.094379,3.191007,-0.220495,-0.109438,-0.265175,0.932249,2.447506,1.049268,3.151471
319,2.658333,-0.122378,0.080217,0.045431,0.988193,1.995145,1.094316,3.190830,-0.221023,-0.109910,-0.265505,0.931974,2.447451,1.049446,3.151316
320,2.666667,-0.123763,0.080670,0.046877,0.987916,1.994919,1.094273,3.190618,-0.221602,-0.110560,-0.266427,0.931497,2.447436,1.049613,3.151130
321,2.675000,-0.125007,0.081210,0.048592,0.987632,1.994683,1.094264,3.190372,-0.222191,-0.111300,-0.268041,0.930805,2.447461,1.049776,3.150901
322,2.683333,-0.125991,0.081763,0.050290,0.987376,1.994439,1.094293,3.190077,-0.222778,-0.112079,-0.270041,0.929993,2.447506,1.049950,3.150645
323,2.691667,-0.126772,0.082231,0.051583,0.987171,1.994197,1.094362,3.189746,-0.223405,-0.112809,-0.272154,0.929137,2.447549,1.050145,3.150369
324,2.700000,-0.127272,0.082446,0.052087,0.987062,1.993975,1.094459,3.189402,-0.223966,-0.113489,-0.274294,0.928290,2.447585,1.050388,3.150066
325,2.708333,-0.127537,0.082388,0.051810,0.987047,1.993781,1.094591,3.189039,-0.224280,-0.114141,-0.276073,0.927607,2.447608,1.050696,3.149729
326,2.716667,-0.127559,0.082054,0.050881,0.987121,1.993609,1.094763,3.188660,-0.224274,-0.114829,-0.277350,0.927142,2.447606,1.051077,3.149362
327,2.725000,-0.127311,0.081542,0.049479,0.987266,1.993458,1.094978,3.188268,-0.223936,-0.115592,-0.277997,0.926935,2.447594,1.051527,3.148965
328,2.733333,-0.126715,0.080840,0.047858,0.987481,1.993330,1.095247,3.187845,-0.223453,-0.116262,-0.278212,0.926904,2.447545,1.052050,3.148526
329,2.741667,-0.125912,0.080149,0.046330,0.987713,1.993206,1.095572,3.187411,-0.222922,-0.116822,-0.278014,0.927020,2.447470,1.052624,3.148074
330,2.750000,-0.125178,0.079579,0.045109,0.987908,1.993066,1.095944,3.186967,-0.222781,-0.116892,-0.277320,0.927253,2.447365,1.053193,3.147657
331,2.758333,-0.124615,0.079099,0.044365,0.988052,1.992906,1.096348,3.186521,-0.222493,-0.116991,-0.276453,0.927569,2.447261,1.053773,3.147221
332,2.766667,-0.123914,0.078761,0.044053,0.988181,1.992720,1.096802,3.186034,-0.222506,-0.117020,-0.275773,0.927764,2.447129,1.054342,3.146765
333,2.775000,-0.123340,0.078447,0.044180,0.988272,1.992525,1.097309,3.185529,-0.222533,-0.117156,-0.275226,0.927903,2.446997,1.054884,3.146301
334,2.783333,-0.122913,0.078392,0.045192,0.988284,1.992338,1.097840,3.185032,-0.222289,-0.117402,-0.274797,0.928058,2.446887,1.055381,3.145846
335,2.791667,-0.122513,0.078306,0.046362,0.988286,1.992142,1.098378,3.184554,-0.221594,-0.117850,-0.274665,0.928206,2.446807,1.055863,3.145392
336,2.800000,-0.122109,0.078101,0.047440,0.988301,1.991968,1.098922,3.184074,-0.220854,-0.118206,-0.274688,0.928330,2.446730,1.056327,3.144964
337,2.808333,-0.121696,0.077809,0.048357,0.988331,1.991820,1.099454,3.183599,-0.220043,-0.118407,-0.274793,0.928466,2.446646,1.056785,3.144563
338,2.816667,-0.121275,0.077317,0.048968,0.988391,1.991687,1.099957,3.183160,-0.219597,-0.118466,-0.274839,0.928551,2.446537,1.057224,3.144191
339,2.825000,-0.120992,0.076646,0.049212,0.988466,1.991592,1.100442,3.182733,-0.219106,-0.118523,-0.274677,0.928708,2.446419,1.057663,3.143839
340,2.833333,-0.120662,0.075716,0.048988,0.988589,1.991529,1.100911,3.182319,-0.218670,-0.118529,-0.274544,0.928849,2.446280,1.058101,3.143510
341,2.841667,-0.120239,0.074650,0.048561,0.988743,1.991492,1.101371,3.181923,-0.218326,-0.118699,-0.274170,0.929018,2.446135,1.058521,3.143181
342,2.850000,-0.119773,0.073567,0.047989,0.988908,1.991448,1.101809,3.181557,-0.217695,-0.118851,-0.273545,0.929331,2.445993,1.058930,3.142866
343,2.858333,-0.119600,0.072633,0.047693,0.989013,1.991399,1.102226,3.181218,-0.217211,-0.118830,-0.272995,0.929609,2.445838,1.059296,3.142586
344,2.866667,-0.119604,0.071866,0.047640,0.989071,1.991323,1.102620,3.180890,-0.216742,-0.118786,-0.272427,0.929891,2.445673,1.059634,3.142335
345,2.875000,-0.119414,0.071239,0.047805,0.989131,1.991219,1.103002,3.180516,-0.216561,-0.118661,-0.271981,0.930079,2.445479,1.059920,3.142134
346,2.883333,-0.119425,0.070765,0.048270,0.989141,1.991087,1.103361,3.180170,-0.216452,-0.118612,-0.271639,0.930211,2.445284,1.060168,3.141971
347,2.891667,-0.119624,0.070269,0.048891,0.989122,1.990934,1.103693,3.179844,-0.216308,-0.118638,-0.271405,0.930309,2.445094,1.060373,3.141835
348,2.900000,-0.119919,0.069963,0.049620,0.989072,1.990760,1.104002,3.179524,-0.216288,-0.118716,-0.271126,0.930385,2.444898,1.060543,3.141727
349,2.908333,-0.120215,0.069577,0.050351,0.989026,1.990583,1.104283,3.179237,-0.216329,-0.118807,-0.270859,0.930442,2.444695,1.060677,3.141639
350,2.916667,-0.120403,0.069128,0.050935,0.989005,1.990420,1.104542,3.178978,-0.216362,-0.118878,-0.270577,0.930507,2.444489,1.060779,3.141572
