Format Version,1.22,Take Name,Take 2023-07-13 02.27.47 PM,Capture Frame Rate,120,Export Frame Rate,120,Capture Start Time
,,,,,,,,
,,Rigid Body,Rigid Body,Rigid Body,Rigid Body,Rigid Body,Rigid Body,Rigid Body
,,Rigid plate,Rigid plate,Rigid plate,Rigid plate,Rigid plate,Rigid plate,Rigid plate
,,11280D71FD611EE8A984076B0403C8E,11280D71FD611EE8A984076B0403C8E,11280D71FD611EE8A984076B0403C8E,11280D71FD611EE8A984076B0403C8E,11280D71FD611EE8A984076B0403C8E,11280D71FD611EE8A984076B0403C8E,11280D71FD611EE8A984076B0403C8E
,,Rotation,Rotation,Rotation,Rotation,Position,Position,Position
Frame,Time (Seconds),X,Y,Z,W,X,Y,Z
0,0,0.119546,-0.044147,0.025145,-0.991528,2.377309,1.12695,2.562132
1,0.008333,0.118788,-0.042628,0.026254,-0.991657,2.377936,1.127228,2.562394
2,0.016667,0.117939,-0.040921,0.027337,-0.991801,2.378572,1.127496,2.562676
3,0.025,0.117273,-0.039135,0.028489,-0.991919,2.379201,1.127779,2.562964
4,0.033333,0.116624,-0.037432,0.029723,-0.992025,2.379806,1.128093,2.563254
5,0.041667,0.115588,-0.0357,0.030665,-0.992182,2.380412,1.128432,2.563532
6,0.05,0.114615,-0.034168,0.031327,-0.992328,2.38098,1.128761,2.56382
7,0.058333,0.113701,-0.032816,0.031605,-0.99247,2.381509,1.129091,2.564124
8,0.066667,0.113243,-0.031685,0.031921,-0.992549,2.381989,1.129399,2.564454
9,0.075,0.112528,-0.030746,0.031787,-0.992664,2.382425,1.129701,2.564813
10,0.083333,0.111709,-0.029846,0.031494,-0.992793,2.382841,1.130004,2.56518
11,0.091667,0.11073,-0.028898,0.031132,-0.992942,2.383237,1.13032,2.565528
12,0.1,0.10946,-0.028081,0.030463,-0.993127,2.383593,1.130593,2.565918
13,0.108333,0.107974,-0.026502,0.030573,-0.99333,2.383943,1.130863,2.566267
14,0.116667,0.106698,-0.025098,0.030804,-0.993497,2.38428,1.131108,2.56662
15,0.125,0.105811,-0.023941,0.030828,-0.99362,2.384608,1.131357,2.566956
16,0.133333,0.105246,-0.022873,0.030868,-0.993704,2.384899,1.131608,2.567258
17,0.141667,0.105067,-0.022294,0.030477,-0.993748,2.385212,1.131871,2.567518
18,0.15,0.104451,-0.021804,0.029904,-0.993841,2.385498,1.132104,2.567764
19,0.158333,0.1037,-0.021413,0.02941,-0.993943,2.38575,1.132282,2.568021
20,0.166667,0.102925,-0.020841,0.029511,-0.994033,2.385929,1.132391,2.568292
21,0.175,0.102343,-0.020392,0.029532,-0.994102,2.386077,1.132506,2.568549
22,0.183333,0.101735,-0.020106,0.029642,-0.994167,2.386209,1.132602,2.568799
23,0.191667,0.101335,-0.019839,0.029734,-0.99421,2.386299,1.132698,2.569058
24,0.2,0.100752,-0.019588,0.029556,-0.99428,2.386369,1.132791,2.56933
25,0.208333,0.099882,-0.01943,0.02902,-0.994386,2.386404,1.132889,2.569599
26,0.216667,0.099171,-0.019341,0.028477,-0.994475,2.386409,1.132964,2.569878
27,0.225,0.098386,-0.019323,0.027604,-0.994578,2.386381,1.133053,2.570153
28,0.233333,0.09752,-0.019346,0.026541,-0.994692,2.386335,1.133129,2.570411
29,0.241667,0.096501,-0.019661,0.025355,-0.994816,2.386246,1.133212,2.570663
30,0.25,0.095793,-0.0199,0.024339,-0.994905,2.386176,1.13333,2.570885
31,0.258333,0.095122,-0.020168,0.023323,-0.994988,2.386111,1.133433,2.571069
32,0.266667,0.094479,-0.02059,0.022757,-0.995054,2.386024,1.133553,2.571248
33,0.275,0.094014,-0.021042,0.02232,-0.995098,2.385923,1.133652,2.571411
34,0.283333,0.093625,-0.021147,0.022679,-0.995125,2.385839,1.133786,2.571527
35,0.291667,0.093462,-0.021195,0.023418,-0.995122,2.385752,1.133913,2.571655
36,0.3,0.093088,-0.02123,0.024126,-0.995139,2.385675,1.13405,2.571772
37,0.308333,0.092522,-0.021243,0.024845,-0.995174,2.38559,1.134184,2.571896
38,0.316667,0.091828,-0.021279,0.025453,-0.995222,2.385499,1.134331,2.572034
39,0.325,0.091524,-0.021699,0.02551,-0.99524,2.385413,1.134542,2.572182
40,0.333333,0.090612,-0.022065,0.02512,-0.995325,2.38531,1.134767,2.572334
41,0.341667,0.089666,-0.022381,0.024747,-0.995413,2.385189,1.134974,2.57249
42,0.35,0.088613,-0.022723,0.024174,-0.995513,2.38506,1.135167,2.572647
43,0.358333,0.087607,-0.023024,0.023549,-0.995611,2.384926,1.135356,2.572793
44,0.366667,0.086495,-0.023319,0.02285,-0.995717,2.384763,1.135518,2.572934
45,0.375,0.085695,-0.023384,0.022322,-0.995797,2.384626,1.13568,2.573035
46,0.383333,0.085049,-0.023567,0.022049,-0.995854,2.384518,1.13585,2.573138
47,0.391667,0.084519,-0.023484,0.022107,-0.9959,2.384452,1.136006,2.573213
48,0.4,0.084028,-0.023467,0.022448,-0.995934,2.384403,1.136166,2.573292
49,0.408333,0.083677,-0.02341,0.02278,-0.995957,2.384377,1.136313,2.573364
50,0.416667,0.083333,-0.023307,0.022954,-0.995985,2.38436,1.136479,2.573421
51,0.425,0.082929,-0.023181,0.023018,-0.99602,2.384353,1.136639,2.573475
52,0.433333,0.082572,-0.02291,0.023126,-0.996053,2.384354,1.136805,2.5735
53,0.441667,0.08212,-0.02274,0.022936,-0.996099,2.384362,1.136948,2.573523
54,0.45,0.081862,-0.022681,0.02288,-0.996123,2.384364,1.137055,2.573534
55,0.458333,0.081826,-0.022556,0.022909,-0.996128,2.384363,1.137168,2.573542
56,0.466667,0.081872,-0.022343,0.022865,-0.99613,2.384389,1.137309,2.573578
57,0.475,0.081787,-0.022183,0.022959,-0.996139,2.384449,1.137451,2.573589
58,0.483333,0.081564,-0.021945,0.023356,-0.996153,2.384541,1.137613,2.573575
59,0.491667,0.081273,-0.021554,0.023963,-0.996171,2.384659,1.137781,2.573563
60,0.5,0.080927,-0.02117,0.024902,-0.996184,2.384817,1.137947,2.573533
61,0.508333,0.080029,-0.02068,0.025822,-0.996244,2.385018,1.138118,2.573499
62,0.516667,0.078923,-0.019913,0.027222,-0.99631,2.385215,1.138258,2.573491
63,0.525,0.078216,-0.019127,0.028659,-0.996341,2.385424,1.138396,2.573467
64,0.533333,0.077645,-0.018384,0.030103,-0.996357,2.385639,1.138551,2.573434
65,0.541667,0.077067,-0.017575,0.031506,-0.996373,2.385862,1.138723,2.573389
66,0.55,0.076424,-0.017013,0.032917,-0.996387,2.386067,1.138896,2.573355
67,0.558333,0.075787,-0.016503,0.034163,-0.996402,2.386266,1.139073,2.573322
68,0.566667,0.075293,-0.015968,0.035128,-0.996415,2.386467,1.139267,2.573293
69,0.575,0.074771,-0.015452,0.03604,-0.996429,2.386665,1.139457,2.573255
70,0.583333,0.074176,-0.014863,0.036941,-0.99645,2.386878,1.139646,2.573195
71,0.591667,0.07367,-0.014377,0.037794,-0.996463,2.387082,1.139822,2.573132
72,0.6,0.073179,-0.013998,0.038518,-0.996476,2.387272,1.139983,2.573075
73,0.608333,0.072918,-0.013591,0.039218,-0.996474,2.38746,1.140125,2.573005
74,0.616667,0.072925,-0.013024,0.040155,-0.996444,2.387653,1.140267,2.572891
75,0.625,0.073061,-0.012479,0.041057,-0.996404,2.387839,1.140395,2.572758
76,0.633333,0.073431,-0.011932,0.042066,-0.996341,2.388004,1.140495,2.572634
77,0.641667,0.074046,-0.011725,0.04288,-0.996264,2.388191,1.140597,2.572478
78,0.65,0.074052,-0.011161,0.043648,-0.996236,2.388338,1.140672,2.572343
79,0.658333,0.074462,-0.010793,0.044328,-0.99618,2.388487,1.140746,2.572206
80,0.666667,0.074854,-0.010489,0.045024,-0.996122,2.388622,1.140797,2.572073
81,0.675,0.075174,-0.010121,0.04572,-0.99607,2.388728,1.140825,2.57196
82,0.683333,0.075302,-0.0097,0.046461,-0.996031,2.388807,1.140838,2.571862
83,0.691667,0.0755,-0.009345,0.047027,-0.995993,2.388857,1.14082,2.57179
84,0.7,0.075538,-0.009004,0.047519,-0.995969,2.388883,1.140788,2.571732
85,0.708333,0.075831,-0.00868,0.048103,-0.995922,2.388876,1.140721,2.571712
86,0.716667,0.075939,-0.008515,0.048226,-0.995909,2.388859,1.140637,2.571692
87,0.725,0.076208,-0.008322,0.048472,-0.995878,2.388816,1.14053,2.571701
88,0.733333,0.076349,-0.008249,0.048279,-0.995877,2.38877,1.140411,2.5717
89,0.741667,0.076573,-0.008171,0.04806,-0.995872,2.388712,1.14027,2.571709
90,0.75,0.076632,-0.007799,0.048153,-0.995865,2.388618,1.140078,2.571758
91,0.758333,0.076922,-0.007457,0.048269,-0.99584,2.388519,1.139875,2.57181
92,0.766667,0.077346,-0.007264,0.04846,-0.995799,2.388424,1.139658,2.571874
93,0.775,0.077912,-0.007087,0.048926,-0.995734,2.388317,1.139407,2.571941
94,0.783333,0.078488,-0.006983,0.049423,-0.995665,2.38822,1.139136,2.572
95,0.791667,0.078956,-0.006982,0.049996,-0.995599,2.388137,1.138843,2.572057
96,0.8,0.079415,-0.007035,0.050429,-0.99554,2.388058,1.138541,2.572128
97,0.808333,0.079629,-0.007023,0.050261,-0.995532,2.387989,1.138272,2.572223
98,0.816667,0.08003,-0.007088,0.050074,-0.995509,2.387915,1.137985,2.572328
99,0.825,0.080662,-0.007282,0.049924,-0.995464,2.387821,1.137677,2.572439
100,0.833333,0.08103,-0.00751,0.049716,-0.995443,2.387725,1.137346,2.57256
101,0.841667,0.08201,-0.007988,0.049156,-0.995386,2.387658,1.137057,2.572643
102,0.85,0.082362,-0.008156,0.048898,-0.995369,2.387553,1.136727,2.572761
103,0.858333,0.082425,-0.008228,0.048446,-0.995385,2.387462,1.13641,2.572858
104,0.866667,0.082715,-0.008287,0.048119,-0.995376,2.387384,1.136087,2.572949
105,0.875,0.08326,-0.008345,0.047875,-0.995342,2.387312,1.135771,2.573051
106,0.883333,0.08396,-0.008669,0.047574,-0.995295,2.387275,1.135477,2.573118
107,0.891667,0.084489,-0.00891,0.047239,-0.995264,2.387225,1.135182,2.573191
108,0.9,0.085488,-0.009301,0.046851,-0.995194,2.387169,1.134844,2.573276
109,0.908333,0.086366,-0.009566,0.046353,-0.995139,2.387099,1.134496,2.573363
110,0.916667,0.086989,-0.009862,0.045848,-0.995105,2.387028,1.134162,2.573436
111,0.925,0.087693,-0.010117,0.045084,-0.995075,2.386953,1.13385,2.573481
112,0.933333,0.088457,-0.010475,0.044308,-0.995039,2.386833,1.133528,2.573565
113,0.941667,0.088551,-0.010852,0.043287,-0.995072,2.386681,1.133213,2.573648
114,0.95,0.088441,-0.01116,0.042067,-0.99513,2.386528,1.132895,2.573679
115,0.958333,0.088248,-0.011409,0.041031,-0.995188,2.386362,1.132555,2.573715
116,0.966667,0.087987,-0.011721,0.039997,-0.995249,2.386178,1.132197,2.573787
117,0.975,0.088221,-0.011975,0.03909,-0.995262,2.385997,1.131832,2.573844
118,0.983333,0.088563,-0.011905,0.038638,-0.99525,2.3858,1.131463,2.573953
119,0.991667,0.089161,-0.012082,0.038144,-0.995213,2.385622,1.131143,2.574033
120,1,0.089745,-0.012321,0.037876,-0.995168,2.385438,1.13083,2.574096
121,1.008333,0.090031,-0.012296,0.03812,-0.995133,2.385214,1.1305,2.574172
122,1.016667,0.090545,-0.01234,0.038576,-0.995069,2.384968,1.1302,2.574232
123,1.025,0.091061,-0.012479,0.039176,-0.994996,2.384716,1.129933,2.5743
124,1.033333,0.091469,-0.012641,0.039702,-0.994936,2.384461,1.129712,2.574366
125,1.041667,0.091729,-0.012866,0.039866,-0.994903,2.384203,1.129529,2.574439
126,1.05,0.091945,-0.012992,0.040064,-0.994873,2.383942,1.129407,2.574498
127,1.058333,0.091837,-0.013166,0.039939,-0.994886,2.383681,1.129313,2.574552
128,1.066667,0.091709,-0.013216,0.039859,-0.9949,2.383422,1.129276,2.574582
129,1.075,0.091135,-0.013228,0.039632,-0.994962,2.383182,1.129302,2.574613
130,1.083333,0.090298,-0.013108,0.039454,-0.995047,2.382962,1.129362,2.574632
131,1.091667,0.089413,-0.012988,0.039379,-0.995131,2.382755,1.129446,2.574647
132,1.1,0.088546,-0.012913,0.039409,-0.995208,2.38256,1.129552,2.574658
133,1.108333,0.087733,-0.012917,0.039586,-0.995273,2.382375,1.129687,2.574679
134,1.116667,0.087067,-0.013296,0.039317,-0.995338,2.382214,1.129863,2.574682
135,1.125,0.086555,-0.013671,0.039057,-0.995387,2.38206,1.130038,2.574666
136,1.133333,0.08656,-0.013827,0.039378,-0.995372,2.381909,1.130196,2.574615
137,1.141667,0.086834,-0.014133,0.039561,-0.995337,2.381784,1.130405,2.574498
138,1.15,0.087029,-0.014385,0.039737,-0.995309,2.381655,1.130627,2.574351
139,1.158333,0.087059,-0.014557,0.039945,-0.995296,2.381518,1.130846,2.574202
140,1.166667,0.086976,-0.014721,0.040206,-0.99529,2.381374,1.13107,2.574046
141,1.175,0.086593,-0.014801,0.040424,-0.995313,2.38123,1.131312,2.573884
142,1.183333,0.086156,-0.014899,0.040291,-0.995355,2.381086,1.131551,2.573739
143,1.191667,0.08548,-0.014845,0.040248,-0.995416,2.380927,1.131783,2.573633
144,1.2,0.084584,-0.014825,0.040159,-0.995497,2.380772,1.13203,2.573563
145,1.208333,0.083675,-0.014962,0.040004,-0.995578,2.38061,1.132318,2.57351
146,1.216667,0.082423,-0.014918,0.0399,-0.995687,2.380443,1.132637,2.573461
147,1.225,0.08123,-0.014934,0.039825,-0.995788,2.380291,1.132977,2.57339
148,1.233333,0.080265,-0.014996,0.039908,-0.995861,2.380161,1.133343,2.573299
149,1.241667,0.079171,-0.014938,0.04032,-0.995933,2.38007,1.1337,2.573193
150,1.25,0.078123,-0.014881,0.040725,-0.996,2.380007,1.13406,2.573087
151,1.258333,0.077038,-0.014732,0.040995,-0.996076,2.37993,1.134382,2.573027
152,1.266667,0.076458,-0.014877,0.041067,-0.996116,2.379888,1.134736,2.572957
153,1.275,0.076521,-0.014896,0.041226,-0.996104,2.379893,1.135153,2.572861
154,1.283333,0.076626,-0.01493,0.041408,-0.996088,2.379907,1.135541,2.572759
155,1.291667,0.076629,-0.014911,0.041659,-0.996077,2.379939,1.135904,2.572687
156,1.3,0.076316,-0.014776,0.042001,-0.996089,2.37999,1.13623,2.572663
157,1.308333,0.076112,-0.014798,0.042224,-0.996095,2.380069,1.136542,2.572645
158,1.316667,0.075491,-0.014635,0.042446,-0.996135,2.380129,1.136814,2.572654
159,1.325,0.074733,-0.01439,0.042749,-0.996183,2.380178,1.137054,2.572679
160,1.333333,0.074115,-0.014226,0.043096,-0.996217,2.380227,1.137239,2.572723
161,1.341667,0.07352,-0.014107,0.043451,-0.996247,2.380269,1.137388,2.572786
162,1.35,0.073243,-0.014041,0.043744,-0.996255,2.380296,1.137489,2.572861
163,1.358333,0.073151,-0.0139,0.043765,-0.996263,2.380311,1.137564,2.572933
164,1.366667,0.073199,-0.013825,0.043844,-0.996257,2.380318,1.13759,2.573005
165,1.375,0.073229,-0.01398,0.043896,-0.996251,2.380299,1.137587,2.57309
166,1.383333,0.073415,-0.014066,0.043828,-0.996239,2.380268,1.137558,2.573167
167,1.391667,0.073657,-0.01431,0.043879,-0.996215,2.380222,1.137493,2.573247
168,1.4,0.073934,-0.014629,0.043994,-0.996185,2.380163,1.137398,2.573331
169,1.408333,0.074366,-0.014873,0.043995,-0.996149,2.380093,1.137293,2.57342
170,1.416667,0.074837,-0.015165,0.043844,-0.996116,2.380016,1.137171,2.573502
171,1.425,0.075528,-0.015507,0.043851,-0.996058,2.379925,1.137019,2.573581
172,1.433333,0.076043,-0.01581,0.043655,-0.996023,2.379824,1.136873,2.573658
173,1.441667,0.076429,-0.016101,0.043318,-0.996004,2.379712,1.136728,2.573741
174,1.45,0.076726,-0.016475,0.042861,-0.995994,2.379582,1.136574,2.573846
175,1.458333,0.07706,-0.01704,0.042298,-0.995983,2.379476,1.136444,2.57393
176,1.466667,0.077558,-0.017566,0.041978,-0.995949,2.379372,1.136308,2.574003
177,1.475,0.078231,-0.017795,0.042057,-0.995889,2.37927,1.136178,2.574075
178,1.483333,0.078718,-0.017864,0.042235,-0.995842,2.379172,1.136052,2.574157
179,1.491667,0.078875,-0.017842,0.042398,-0.995823,2.379078,1.135921,2.574255
180,1.5,0.079064,-0.017761,0.042581,-0.995801,2.379004,1.135822,2.574358
181,1.508333,0.079268,-0.017674,0.042729,-0.99578,2.378947,1.135743,2.574464
182,1.516667,0.079388,-0.017529,0.042993,-0.995762,2.378889,1.135674,2.574573
183,1.525,0.079611,-0.017365,0.043276,-0.995735,2.378837,1.135637,2.5747
184,1.533333,0.079838,-0.017218,0.043539,-0.995708,2.378787,1.135625,2.574832
185,1.541667,0.079805,-0.016937,0.043922,-0.995698,2.378714,1.135615,2.574979
186,1.55,0.07968,-0.016661,0.044284,-0.995697,2.378637,1.135624,2.575127
187,1.558333,0.079515,-0.016465,0.04454,-0.995702,2.378565,1.135658,2.575269
188,1.566667,0.079395,-0.016311,0.044693,-0.995707,2.378493,1.135722,2.575406
189,1.575,0.079292,-0.016187,0.044846,-0.995711,2.37842,1.135807,2.575539
190,1.583333,0.079269,-0.016047,0.044992,-0.995708,2.378365,1.135892,2.575656
191,1.591667,0.078951,-0.016026,0.045277,-0.995721,2.378316,1.135988,2.575769
192,1.6,0.078595,-0.016065,0.045655,-0.995731,2.378272,1.136094,2.575879
193,1.608333,0.078392,-0.01611,0.046032,-0.995729,2.378232,1.136201,2.575981
194,1.616667,0.078139,-0.016117,0.046208,-0.995741,2.378207,1.136322,2.576079
195,1.625,0.078044,-0.016111,0.046245,-0.995746,2.378187,1.136449,2.576166
196,1.633333,0.078154,-0.016089,0.046401,-0.995731,2.378167,1.136569,2.576239
197,1.641667,0.078364,-0.016074,0.046582,-0.995706,2.378156,1.136674,2.576303
198,1.65,0.078586,-0.016086,0.046705,-0.995683,2.378157,1.136763,2.57636
199,1.658333,0.078813,-0.016093,0.046796,-0.99566,2.378169,1.136842,2.576415
200,1.666667,0.079009,-0.016095,0.046875,-0.995641,2.378195,1.136912,2.576469
201,1.675,0.079162,-0.016106,0.046945,-0.995625,2.378235,1.136972,2.576522
202,1.683333,0.079332,-0.016116,0.047036,-0.995608,2.378288,1.137025,2.576575
203,1.691667,0.079533,-0.016127,0.047148,-0.995586,2.37835,1.137071,2.576626
204,1.7,0.079753,-0.016129,0.047271,-0.995563,2.378421,1.137104,2.576673
205,1.708333,0.079932,-0.01614,0.047475,-0.995538,2.3785,1.137114,2.576718
206,1.716667,0.080207,-0.016149,0.047607,-0.99551,2.378581,1.137118,2.576757
207,1.725,0.080582,-0.016158,0.047885,-0.995466,2.378654,1.137081,2.576782
208,1.733333,0.081085,-0.016166,0.048049,-0.995417,2.378724,1.137033,2.576801
209,1.741667,0.081547,-0.016165,0.048087,-0.995378,2.378795,1.136976,2.576824
210,1.75,0.082,-0.01614,0.04804,-0.995343,2.378867,1.136907,2.576851
211,1.758333,0.082578,-0.016089,0.047832,-0.995306,2.378936,1.136839,2.576878
212,1.766667,0.083221,-0.016024,0.047593,-0.995265,2.379006,1.13676,2.576908
213,1.775,0.083761,-0.015885,0.047509,-0.995226,2.379088,1.136655,2.576938
214,1.783333,0.084328,-0.015788,0.047528,-0.995179,2.37917,1.13653,2.576978
215,1.791667,0.085006,-0.015647,0.047563,-0.995122,2.379251,1.136401,2.577024
216,1.8,0.085734,-0.015482,0.047639,-0.995058,2.379332,1.13626,2.577074
217,1.808333,0.086348,-0.015352,0.047632,-0.995007,2.379419,1.1361,2.577137
218,1.816667,0.087305,-0.015187,0.047811,-0.994918,2.379485,1.135901,2.577225
219,1.825,0.08852,-0.015248,0.047947,-0.994803,2.379552,1.135695,2.577311
220,1.833333,0.089457,-0.01543,0.047737,-0.994726,2.379621,1.135508,2.577403
221,1.841667,0.090141,-0.015782,0.047336,-0.994678,2.379647,1.135295,2.577561
222,1.85,0.09073,-0.016176,0.046889,-0.99464,2.379636,1.135065,2.577757
223,1.858333,0.091341,-0.016459,0.046437,-0.9946,2.379601,1.134847,2.577957
224,1.866667,0.092012,-0.016569,0.046151,-0.99455,2.379553,1.134643,2.578149
225,1.875,0.09267,-0.016583,0.045918,-0.994499,2.379496,1.134441,2.578347
226,1.883333,0.093227,-0.016632,0.045809,-0.994452,2.379433,1.134225,2.578568
227,1.891667,0.093703,-0.016656,0.045709,-0.994411,2.379371,1.13399,2.578822
228,1.9,0.094034,-0.016409,0.04581,-0.994379,2.379282,1.13373,2.5791
229,1.908333,0.094278,-0.016097,0.045842,-0.99436,2.3792,1.133474,2.579366
230,1.916667,0.094798,-0.015787,0.045838,-0.994315,2.379133,1.133238,2.579627
231,1.925,0.095639,-0.015605,0.045842,-0.994238,2.379089,1.133021,2.579878
232,1.933333,0.096495,-0.015475,0.0459,-0.994154,2.379057,1.132786,2.580154
233,1.941667,0.097363,-0.015309,0.046021,-0.994066,2.379016,1.132518,2.580465
234,1.95,0.098521,-0.015238,0.046048,-0.993952,2.378951,1.132196,2.580824
235,1.958333,0.099691,-0.014946,0.046225,-0.993832,2.378863,1.131845,2.581182
236,1.966667,0.100711,-0.014539,0.046324,-0.99373,2.378767,1.1315,2.581531
237,1.975,0.101739,-0.014513,0.046069,-0.993638,2.378683,1.131152,2.581902
238,1.983333,0.102463,-0.014489,0.046055,-0.993565,2.37857,1.13078,2.582299
239,1.991667,0.10307,-0.014271,0.046349,-0.993491,2.378445,1.130393,2.582692
240,2,0.104165,-0.014314,0.046532,-0.993368,2.378359,1.130007,2.583095
241,2.008333,0.105363,-0.014604,0.046564,-0.993236,2.37827,1.129601,2.583513
242,2.016667,0.106319,-0.014936,0.046428,-0.993135,2.378159,1.129156,2.583964
243,2.025,0.107321,-0.015231,0.046256,-0.993031,2.378037,1.128706,2.584416
244,2.033333,0.108164,-0.015406,0.04596,-0.992951,2.377917,1.128267,2.584862
245,2.041667,0.109137,-0.015761,0.045687,-0.992851,2.377757,1.127818,2.585329
246,2.05,0.109973,-0.016231,0.045585,-0.992756,2.37754,1.127322,2.585837
247,2.058333,0.110954,-0.016792,0.045387,-0.992647,2.377333,1.126839,2.586316
248,2.066667,0.112108,-0.017355,0.045064,-0.992522,2.377157,1.126388,2.586748
249,2.075,0.113151,-0.017642,0.044882,-0.992407,2.376966,1.125921,2.587197
250,2.083333,0.11426,-0.017909,0.044845,-0.992277,2.376762,1.12544,2.587642
251,2.091667,0.115542,-0.018519,0.044665,-0.992125,2.376582,1.124966,2.588053
252,2.1,0.116686,-0.019121,0.04443,-0.99199,2.376379,1.124491,2.588446
253,2.108333,0.11748,-0.019748,0.043831,-0.991911,2.376143,1.124017,2.588845
254,2.116667,0.118319,-0.020675,0.0426,-0.991846,2.375951,1.123608,2.589172
255,2.125,0.118869,-0.021573,0.04129,-0.991816,2.375762,1.123223,2.589476
256,2.133333,0.118747,-0.022386,0.03984,-0.991872,2.375545,1.122832,2.589796
257,2.141667,0.118447,-0.023195,0.038167,-0.991955,2.375325,1.122453,2.590084
258,2.15,0.118185,-0.024025,0.03648,-0.99203,2.375115,1.122075,2.590338
259,2.158333,0.118167,-0.024807,0.035013,-0.992066,2.374908,1.121698,2.590569
260,2.166667,0.118266,-0.025545,0.033774,-0.992079,2.3747,1.121343,2.590776
261,2.175,0.118454,-0.026312,0.032613,-0.992075,2.374499,1.121012,2.590959
262,2.183333,0.118748,-0.026941,0.031754,-0.992051,2.374318,1.120701,2.591098
263,2.191667,0.118952,-0.0272,0.031568,-0.992025,2.374155,1.120408,2.591188
264,2.2,0.119374,-0.027459,0.031591,-0.991967,2.374031,1.120168,2.59122
265,2.208333,0.119945,-0.02783,0.031554,-0.991889,2.373936,1.119981,2.59121
266,2.216667,0.120129,-0.027959,0.031783,-0.991856,2.373829,1.1198,2.591208
267,2.225,0.120135,-0.027959,0.032089,-0.991845,2.373718,1.119647,2.591205
268,2.233333,0.120041,-0.027942,0.032305,-0.99185,2.373623,1.119553,2.591161
269,2.241667,0.120152,-0.02823,0.032126,-0.991834,2.373546,1.119519,2.591063
270,2.25,0.120204,-0.02852,0.031884,-0.991827,2.37346,1.119504,2.590957
271,2.258333,0.120199,-0.028785,0.03162,-0.991829,2.373384,1.119525,2.590821
272,2.266667,0.120307,-0.029136,0.031243,-0.991817,2.373331,1.119594,2.59064
273,2.275,0.120305,-0.029343,0.031001,-0.991819,2.373286,1.119683,2.590443
274,2.283333,0.120215,-0.029433,0.03091,-0.99183,2.373249,1.119792,2.590232
275,2.291667,0.120036,-0.029457,0.030874,-0.991852,2.373223,1.11992,2.590006
276,2.3,0.119846,-0.029502,0.030899,-0.991873,2.373192,1.120062,2.58978
277,2.308333,0.119638,-0.029495,0.031063,-0.991893,2.373168,1.120237,2.589522
278,2.316667,0.119289,-0.029442,0.031334,-0.991928,2.373152,1.120449,2.589228
279,2.325,0.118917,-0.029477,0.031599,-0.991964,2.373129,1.120681,2.588932
280,2.333333,0.118533,-0.029511,0.031614,-0.992008,2.373099,1.120939,2.588624
281,2.341667,0.118265,-0.029694,0.031441,-0.99204,2.373062,1.121211,2.588313
282,2.35,0.117961,-0.029975,0.031263,-0.992073,2.373018,1.12146,2.588023
283,2.358333,0.117403,-0.030081,0.031162,-0.992139,2.372951,1.121667,2.587767
284,2.366667,0.116812,-0.030125,0.031264,-0.992205,2.372864,1.121833,2.587541
285,2.375,0.11624,-0.030227,0.031433,-0.992263,2.372791,1.121987,2.587324
286,2.383333,0.115751,-0.030453,0.031451,-0.992313,2.372754,1.12216,2.58709
287,2.391667,0.115138,-0.030735,0.031249,-0.992382,2.372755,1.12235,2.586839
288,2.4,0.114517,-0.030989,0.031009,-0.992454,2.372773,1.122533,2.586598
289,2.408333,0.113981,-0.031138,0.030915,-0.992514,2.372806,1.122702,2.58637
290,2.416667,0.113357,-0.031223,0.030887,-0.992583,2.372854,1.12285,2.586151
291,2.425,0.112664,-0.031206,0.030953,-0.992661,2.37289,1.122957,2.585963
292,2.433333,0.112134,-0.031052,0.031016,-0.992723,2.372922,1.123029,2.585805
293,2.441667,0.111924,-0.031071,0.030979,-0.992748,2.372991,1.123103,2.585651
294,2.45,0.111832,-0.031208,0.030948,-0.992755,2.373084,1.123177,2.585513
295,2.458333,0.111973,-0.031215,0.03086,-0.992741,2.373176,1.123218,2.585411
296,2.466667,0.112312,-0.031132,0.030759,-0.992709,2.373272,1.123228,2.585346
297,2.475,0.112538,-0.031055,0.030793,-0.992685,2.37337,1.123218,2.585322
298,2.483333,0.112576,-0.030869,0.031017,-0.992679,2.373455,1.123173,2.585352
299,2.491667,0.112654,-0.030575,0.031365,-0.992668,2.373531,1.123086,2.585432
300,2.5,0.113092,-0.030328,0.031689,-0.992616,2.373618,1.122981,2.585547
301,2.508333,0.113682,-0.030164,0.031887,-0.992547,2.37372,1.122833,2.585704
302,2.516667,0.114243,-0.030106,0.031994,-0.992481,2.373815,1.122601,2.585928
303,2.525,0.114865,-0.030215,0.031971,-0.992407,2.373904,1.1223,2.58625
304,2.533333,0.115247,-0.030313,0.031774,-0.992366,2.374025,1.121958,2.586599
305,2.541667,0.11552,-0.030216,0.03153,-0.992345,2.374181,1.121568,2.586936
306,2.55,0.116554,-0.030374,0.031188,-0.99223,2.37437,1.12117,2.587256
307,2.558333,0.118022,-0.030463,0.031316,-0.99205,2.374537,1.120708,2.587642
308,2.566667,0.119733,-0.030385,0.031686,-0.991835,2.374661,1.120152,2.588133
309,2.575,0.12189,-0.030427,0.03161,-0.991573,2.374808,1.119566,2.58862
310,2.583333,0.123931,-0.03037,0.031418,-0.991328,2.37498,1.118926,2.589118
311,2.591667,0.125986,-0.030465,0.031063,-0.991078,2.375185,1.118264,2.589637
312,2.6,0.128222,-0.030521,0.03071,-0.9908,2.375432,1.117581,2.590145
313,2.608333,0.130831,-0.030581,0.030595,-0.990461,2.375669,1.116854,2.590682
314,2.616667,0.133584,-0.030543,0.030664,-0.990092,2.375873,1.116077,2.591269
315,2.625,0.13649,-0.03011,0.030872,-0.989702,2.376086,1.115248,2.591865
316,2.633333,0.140154,-0.029746,0.031061,-0.989195,2.376344,1.114407,2.592422
317,2.641667,0.144246,-0.029487,0.031139,-0.988612,2.376634,1.113556,2.592959
318,2.65,0.148642,-0.029098,0.031307,-0.987967,2.376911,1.112649,2.593505
319,2.658333,0.153821,-0.028857,0.031452,-0.987176,2.377166,1.111697,2.594023
320,2.666667,0.159195,-0.028591,0.031583,-0.986328,2.377409,1.110694,2.59453
321,2.675,0.164417,-0.028171,0.031904,-0.985472,2.377637,1.109615,2.595052
322,2.683333,0.169619,-0.02798,0.032141,-0.984588,2.377845,1.1085,2.595551
323,2.691667,0.174756,-0.027892,0.032333,-0.983686,2.378033,1.107343,2.59603
324,2.7,0.180257,-0.027747,0.032738,-0.982683,2.378204,1.106146,2.596487
325,2.708333,0.185567,-0.02773,0.033041,-0.981684,2.37837,1.104941,2.596903
326,2.716667,0.190643,-0.02781,0.033214,-0.980703,2.378515,1.103705,2.597289
327,2.725,0.195883,-0.02781,0.033724,-0.979653,2.378615,1.102434,2.597639
328,2.733333,0.201109,-0.027793,0.034354,-0.978572,2.378689,1.101169,2.597902
329,2.741667,0.206038,-0.027938,0.034576,-0.977534,2.378736,1.099897,2.598063
330,2.75,0.210754,-0.028264,0.034539,-0.97652,2.378742,1.09862,2.598105
331,2.758333,0.21573,-0.028701,0.034602,-0.975418,2.37871,1.097391,2.597963
332,2.766667,0.220449,-0.029205,0.034619,-0.974347,2.378618,1.096204,2.597633
333,2.775,0.224619,-0.029691,0.034541,-0.973382,2.378443,1.09506,2.597109
334,2.783333,0.22827,-0.030321,0.034115,-0.972528,2.378171,1.093994,2.596352
335,2.791667,0.231302,-0.031092,0.033442,-0.97181,2.37776,1.092999,2.595337
336,2.8,0.234068,-0.032046,0.03254,-0.971147,2.377197,1.0921,2.594012
337,2.808333,0.236423,-0.03339,0.031127,-0.970577,2.376492,1.091316,2.592353
338,2.816667,0.238122,-0.035118,0.029074,-0.970165,2.375631,1.090658,2.590346
339,2.825,0.239312,-0.037228,0.026656,-0.969863,2.374612,1.090149,2.587951
340,2.833333,0.240303,-0.039563,0.024306,-0.969587,2.373475,1.089821,2.585129
341,2.841667,0.240442,-0.041926,0.021994,-0.969508,2.372231,1.089678,2.581851
342,2.85,0.240309,-0.044253,0.020169,-0.969478,2.370892,1.089715,2.578127
343,2.858333,0.240294,-0.046614,0.019105,-0.969392,2.369466,1.089915,2.573956
344,2.866667,0.23972,-0.049005,0.018252,-0.969433,2.36795,1.090323,2.569315
345,2.875,0.238795,-0.051497,0.01747,-0.969546,2.366336,1.090963,2.564204
346,2.883333,0.2376,-0.054152,0.01682,-0.969707,2.364623,1.091845,2.558599
347,2.891667,0.236519,-0.057132,0.016095,-0.969812,2.36284,1.093023,2.552467
348,2.9,0.235678,-0.060565,0.014974,-0.969827,2.361028,1.094546,2.545779
349,2.908333,0.2348,-0.064122,0.013689,-0.96983,2.359175,1.096436,2.538552
350,2.916667,0.233346,-0.067653,0.012205,-0.969961,2.35727,1.098732,2.530795
351,2.925,0.23134,-0.071239,0.010207,-0.970208,2.355324,1.101476,2.522536
352,2.933333,0.229218,-0.074969,0.007422,-0.970455,2.353341,1.104717,2.513818
353,2.941667,0.226121,-0.07883,0.003113,-0.970899,2.351325,1.108533,2.504632
354,2.95,0.222442,-0.083111,-0.003301,-0.971391,2.349302,1.113002,2.494967
355,2.958333,0.218162,-0.087651,-0.01084,-0.971908,2.347266,1.118129,2.484891
356,2.966667,0.213948,-0.092354,-0.018883,-0.972286,2.345266,1.123966,2.474412
357,2.975,0.209994,-0.097022,-0.027011,-0.972502,2.343395,1.130564,2.463497
358,2.983333,0.206203,-0.101166,-0.034672,-0.972648,2.341729,1.138019,2.452157
359,2.991667,0.20233,-0.104547,-0.041263,-0.972846,2.340315,1.14635,2.440413
360,3,0.198935,-0.106793,-0.046249,-0.973078,2.339228,1.155596,2.428278
361,3.008333,0.196541,-0.107509,-0.049055,-0.973348,2.338479,1.165746,2.415844
362,3.016667,0.194407,-0.106826,-0.050168,-0.973795,2.338063,1.176826,2.403168
363,3.025,0.192486,-0.104792,-0.049836,-0.974415,2.33794,1.188865,2.39037
364,3.033333,0.190816,-0.102037,-0.049148,-0.97507,2.338077,1.2019,2.377522
365,3.041667,0.189183,-0.098895,-0.048744,-0.975732,2.338448,1.215915,2.3647
366,3.05,0.187473,-0.095495,-0.048586,-0.976409,2.339058,1.230907,2.351979
367,3.058333,0.185841,-0.091673,-0.048673,-0.977082,2.339904,1.246932,2.339462
368,3.066667,0.183493,-0.086937,-0.048725,-0.977956,2.340983,1.263997,2.327274
369,3.075,0.180144,-0.081637,-0.048116,-0.979065,2.342354,1.282126,2.315456
370,3.083333,0.175583,-0.07519,-0.04587,-0.980517,2.343998,1.30125,2.304147
371,3.091667,0.169492,-0.067951,-0.04173,-0.9823,2.345895,1.321361,2.293428
372,3.1,0.161749,-0.060747,-0.035872,-0.984307,2.348025,1.342433,2.283369
373,3.108333,0.152416,-0.053221,-0.029117,-0.986453,2.350303,1.364462,2.274078
374,3.116667,0.14201,-0.046175,-0.021912,-0.988545,2.352672,1.387358,2.265582
375,3.125,0.130522,-0.039509,-0.014791,-0.990547,2.355046,1.41108,2.258011
376,3.133333,0.117595,-0.033311,-0.007979,-0.992471,2.357425,1.435584,2.251421
377,3.141667,0.103731,-0.027825,-0.001718,-0.994215,2.359764,1.460858,2.245861
378,3.15,0.088598,-0.02257,0.004302,-0.995803,2.362003,1.48682,2.241448
379,3.158333,0.07189,-0.01762,0.010407,-0.997203,2.364117,1.513359,2.238246
380,3.166667,0.053607,-0.013298,0.017181,-0.998326,2.36609,1.540336,2.236314
381,3.175,0.033506,-0.009867,0.024827,-0.999081,2.367918,1.567636,2.235678
382,3.183333,0.01117,-0.007101,0.033104,-0.999364,2.369555,1.59514,2.236434
383,3.191667,-0.01309,-0.005182,0.04164,-0.999034,2.371026,1.622739,2.238545
384,3.2,-0.039169,-0.003809,0.050343,-0.997956,2.372296,1.650208,2.242053
385,3.208333,-0.066531,-0.003305,0.059438,-0.996007,2.373349,1.677353,2.246947
386,3.216667,-0.095103,-0.00376,0.068484,-0.993102,2.374179,1.704075,2.253114
387,3.225,-0.124506,-0.005418,0.076995,-0.989212,2.374796,1.730255,2.26043
388,3.233333,-0.154689,-0.007753,0.084661,-0.984299,2.375221,1.755753,2.268847
389,3.241667,-0.186106,-0.01064,0.091456,-0.978206,2.375454,1.780452,2.278269
390,3.25,-0.217281,-0.013828,0.097046,-0.971174,2.375509,1.804295,2.288821
391,3.258333,-0.24786,-0.017026,0.100874,-0.963379,2.375394,1.827206,2.300435
392,3.266667,-0.279471,-0.020228,0.102739,-0.954427,2.375123,1.84906,2.312829
393,3.275,-0.311143,-0.023345,0.102991,-0.944478,2.374699,1.869845,2.326004
394,3.283333,-0.342057,-0.02628,0.101617,-0.933799,2.374182,1.889556,2.339957
395,3.291667,-0.371476,-0.028966,0.099203,-0.922673,2.373622,1.908151,2.354633
396,3.3,-0.400257,-0.031412,0.096599,-0.910756,2.373061,1.925625,2.369849
397,3.308333,-0.428305,-0.033735,0.094531,-0.898043,2.372552,1.942005,2.385474
398,3.316667,-0.455255,-0.035994,0.093646,-0.884691,2.372112,1.957274,2.401438
399,3.325,-0.480956,-0.038308,0.094098,-0.870838,2.371739,1.971437,2.417681
400,3.333333,-0.505129,-0.040613,0.095586,-0.856772,2.371412,1.984522,2.434216
401,3.341667,-0.528326,-0.043348,0.097703,-0.842287,2.37116,1.996522,2.450882
402,3.35,-0.55071,-0.046788,0.100118,-0.827349,2.370966,2.007456,2.467647
403,3.358333,-0.572413,-0.050524,0.102148,-0.812007,2.370787,2.01735,2.4845
404,3.366667,-0.593864,-0.053492,0.102854,-0.796169,2.370565,2.026237,2.501288
405,3.375,-0.615051,-0.056373,0.102566,-0.779753,2.370314,2.034158,2.517939
406,3.383333,-0.635598,-0.058553,0.101171,-0.76312,2.370017,2.041189,2.534385
407,3.391667,-0.65556,-0.059963,0.098767,-0.746251,2.369662,2.047374,2.550662
408,3.4,-0.674373,-0.061178,0.095866,-0.729581,2.369287,2.052782,2.566715
409,3.408333,-0.69208,-0.062467,0.092564,-0.71313,2.368938,2.057438,2.582496
410,3.416667,-0.708928,-0.063947,0.089232,-0.696685,2.368676,2.061317,2.597963
411,3.425,-0.724419,-0.066025,0.086808,-0.680678,2.36858,2.064451,2.613068
412,3.433333,-0.739135,-0.068694,0.085163,-0.664611,2.368629,2.066844,2.627854
413,3.441667,-0.752763,-0.071697,0.084397,-0.64891,2.36883,2.068527,2.642333
414,3.45,-0.765844,-0.074914,0.084113,-0.633084,2.369123,2.069499,2.656499
415,3.458333,-0.778409,-0.078425,0.084605,-0.617067,2.36955,2.069761,2.670312
416,3.466667,-0.790032,-0.082263,0.085396,-0.601489,2.370045,2.069355,2.683922
417,3.475,-0.801283,-0.086493,0.086167,-0.585696,2.370574,2.068281,2.697273
418,3.483333,-0.812091,-0.091371,0.086915,-0.569741,2.371119,2.066516,2.71035
419,3.491667,-0.822588,-0.097026,0.087533,-0.55342,2.37165,2.06401,2.723156
420,3.5,-0.833475,-0.103148,0.08749,-0.535747,2.372137,2.060747,2.735618
421,3.508333,-0.844998,-0.109288,0.08639,-0.516305,2.372559,2.056713,2.747682
422,3.516667,-0.856915,-0.115283,0.084247,-0.495287,2.372907,2.051952,2.759302
423,3.525,-0.869032,-0.120892,0.08083,-0.472901,2.373183,2.046512,2.770397
424,3.533333,-0.880861,-0.126266,0.076447,-0.449773,2.373401,2.040479,2.780936
425,3.541667,-0.892058,-0.131557,0.071459,-0.426403,2.37358,2.033974,2.790884
426,3.55,-0.902164,-0.13682,0.066271,-0.403718,2.373749,2.027103,2.800202
427,3.558333,-0.910924,-0.141903,0.061186,-0.38254,2.373914,2.019956,2.808874
428,3.566667,-0.918531,-0.146938,0.055862,-0.362752,2.374081,2.012591,2.816888
429,3.575,-0.924834,-0.152167,0.051224,-0.344824,2.374288,2.00507,2.82428
430,3.583333,-0.930115,-0.157585,0.047342,-0.328346,2.374558,1.997431,2.830977
431,3.591667,-0.934612,-0.163213,0.043556,-0.312994,2.374858,1.989699,2.836874
432,3.6,-0.938384,-0.169511,0.039402,-0.298579,2.375236,1.981935,2.841905
433,3.608333,-0.941598,-0.176919,0.034777,-0.2844,2.375738,1.974211,2.845881
434,3.616667,-0.944174,-0.186264,0.030093,-0.270065,2.376532,1.96669,2.848855
435,3.625,-0.945902,-0.197574,0.024751,-0.256166,2.377657,1.959446,2.850886
436,3.633333,-0.947107,-0.210395,0.01928,-0.241557,2.378946,1.95244,2.851584
437,3.641667,-0.947645,-0.224389,0.012824,-0.226833,2.380614,1.945884,2.851132
438,3.65,-0.947606,-0.239044,0.005262,-0.211835,2.382474,1.939672,2.849475
439,3.658333,-0.947156,-0.253144,-0.003398,-0.196981,2.384434,1.933781,2.846693
440,3.666667,-0.946472,-0.265556,-0.013322,-0.18301,2.386415,1.928205,2.842836
441,3.675,-0.945753,-0.275698,-0.023473,-0.170265,2.3883,1.922927,2.837998
442,3.683333,-0.94518,-0.282747,-0.033474,-0.159902,2.389925,1.91792,2.832109
443,3.691667,-0.944439,-0.287649,-0.04457,-0.152665,2.391518,1.913238,2.825243
444,3.7,-0.943458,-0.291026,-0.055803,-0.148586,2.392995,1.908967,2.817517
445,3.708333,-0.942011,-0.293288,-0.067365,-0.148525,2.39444,1.905195,2.808834
446,3.716667,-0.940249,-0.294726,-0.077958,-0.151627,2.395898,1.902119,2.799263
447,3.725,-0.93814,-0.29482,-0.086693,-0.15956,2.397246,1.899706,2.788917
448,3.733333,-0.935341,-0.29342,-0.094058,-0.173768,2.398363,1.897883,2.777654
449,3.741667,-0.931348,-0.291266,-0.099639,-0.19449,2.399301,1.896551,2.765604
450,3.75,-0.926108,-0.288719,-0.103104,-0.219852,2.40016,1.895717,2.752699
451,3.758333,-0.919063,-0.286071,-0.105368,-0.24977,2.400997,1.895224,2.738861
452,3.766667,-0.910339,-0.283514,-0.106367,-0.282116,2.401812,1.89485,2.723974
453,3.775,-0.899955,-0.281103,-0.107381,-0.315485,2.402727,1.894464,2.708166
454,3.783333,-0.887989,-0.278466,-0.10952,-0.349195,2.403762,1.893798,2.691542
455,3.791667,-0.875318,-0.275329,-0.112635,-0.381217,2.404937,1.892645,2.674247
456,3.8,-0.862186,-0.271321,-0.117043,-0.411486,2.406208,1.890851,2.656398
457,3.808333,-0.84891,-0.266334,-0.123293,-0.439565,2.407529,1.888381,2.638124
458,3.816667,-0.834518,-0.260402,-0.131732,-0.467351,2.408866,1.88523,2.619562
459,3.825,-0.819208,-0.253995,-0.141648,-0.494288,2.410255,1.881309,2.600664
460,3.833333,-0.802743,-0.247143,-0.152817,-0.52074,2.411713,1.876635,2.581652
461,3.841667,-0.785355,-0.240707,-0.16394,-0.546261,2.413334,1.871172,2.562657
462,3.85,-0.766931,-0.235272,-0.173615,-0.571246,2.415153,1.864883,2.543906
463,3.858333,-0.747645,-0.230635,-0.181389,-0.595762,2.41721,1.857763,2.525426
464,3.866667,-0.72745,-0.226486,-0.186618,-0.620237,2.419522,1.849843,2.507352
465,3.875,-0.706306,-0.223064,-0.188551,-0.644843,2.422117,1.841128,2.489795
466,3.883333,-0.68417,-0.221015,-0.186398,-0.669566,2.425029,1.831662,2.472839
467,3.891667,-0.661773,-0.220539,-0.180043,-0.693544,2.428272,1.821453,2.456454
468,3.9,-0.640257,-0.220584,-0.170587,-0.715761,2.431779,1.810502,2.440773
469,3.908333,-0.618805,-0.220092,-0.158822,-0.737167,2.435464,1.798807,2.425913
470,3.916667,-0.597308,-0.218106,-0.146008,-0.757849,2.439203,1.78636,2.411917
471,3.925,-0.575852,-0.214929,-0.132588,-0.777574,2.442948,1.773137,2.39889
472,3.933333,-0.55437,-0.211305,-0.119221,-0.796122,2.446679,1.759214,2.386654
473,3.941667,-0.533068,-0.206845,-0.106863,-0.813409,2.450355,1.744573,2.375385
474,3.95,-0.513478,-0.201899,-0.095477,-0.82853,2.453931,1.729327,2.365212
475,3.958333,-0.492594,-0.197714,-0.085487,-0.84318,2.457355,1.713484,2.356066
476,3.966667,-0.469745,-0.195387,-0.07652,-0.857501,2.460717,1.697119,2.348253
477,3.975,-0.448779,-0.192404,-0.066998,-0.870109,2.4637,1.680378,2.341041
478,3.983333,-0.428303,-0.18845,-0.056103,-0.881984,2.466331,1.663457,2.334491
479,3.991667,-0.407,-0.183485,-0.042193,-0.893814,2.468796,1.646467,2.328707
480,4,-0.386686,-0.177968,-0.025165,-0.904526,2.470805,1.629205,2.323543
481,4.008333,-0.366223,-0.172486,-0.002675,-0.914397,2.472594,1.611899,2.31899
482,4.016667,-0.345997,-0.16724,0.023641,-0.922907,2.474303,1.594271,2.315147
483,4.025,-0.326181,-0.162749,0.054548,-0.929593,2.475896,1.576161,2.312043
484,4.033333,-0.304668,-0.158366,0.088773,-0.934996,2.477294,1.55759,2.30992
485,4.041667,-0.284131,-0.153913,0.123474,-0.938261,2.478362,1.538507,2.308516
486,4.05,-0.264555,-0.149174,0.155341,-0.940014,2.479065,1.518902,2.307926
487,4.058333,-0.246531,-0.144724,0.180328,-0.941148,2.479207,1.498886,2.308209
488,4.066667,-0.229981,-0.140124,0.196252,-0.942847,2.478734,1.478623,2.30931
489,4.075,-0.214794,-0.135836,0.202208,-0.945793,2.47753,1.458192,2.311175
490,4.083333,-0.200082,-0.13107,0.200612,-0.950023,2.475681,1.437576,2.313766
491,4.091667,-0.18422,-0.126826,0.194426,-0.95508,2.473444,1.416809,2.316861
492,4.1,-0.166069,-0.123186,0.187204,-0.960313,2.470995,1.395849,2.320405
493,4.108333,-0.145166,-0.119932,0.182317,-0.965041,2.468472,1.37461,2.324455
494,4.116667,-0.121351,-0.116798,0.181364,-0.968886,2.466049,1.353178,2.328912
495,4.125,-0.095122,-0.114543,0.184462,-0.971496,2.46378,1.331665,2.333756
496,4.133333,-0.068539,-0.113967,0.189854,-0.972764,2.461604,1.310204,2.339083
497,4.141667,-0.043396,-0.113967,0.195451,-0.973102,2.459497,1.289024,2.344939
498,4.15,-0.020205,-0.113911,0.1982,-0.97331,2.457306,1.268359,2.351438
499,4.158333,0.00133,-0.112616,0.196391,-0.974036,2.455086,1.248506,2.358478
500,4.166667,0.022044,-0.109413,0.191398,-0.975146,2.452807,1.229531,2.366014
501,4.175,0.04138,-0.104889,0.185041,-0.976241,2.45058,1.211553,2.373987
502,4.183333,0.05889,-0.100178,0.178325,-0.977086,2.448532,1.194608,2.382308
503,4.191667,0.076298,-0.095891,0.172796,-0.977305,2.446636,1.17866,2.390824
504,4.2,0.093273,-0.09144,0.171733,-0.976446,2.445024,1.163775,2.399431
505,4.208333,0.11,-0.086928,0.174922,-0.974549,2.443693,1.149981,2.408109
506,4.216667,0.125593,-0.081185,0.182396,-0.971786,2.442605,1.137197,2.416878
507,4.225,0.138987,-0.074463,0.19316,-0.968415,2.441691,1.125495,2.425766
508,4.233333,0.149188,-0.06751,0.204959,-0.964975,2.440804,1.114841,2.434822
509,4.241667,0.157223,-0.060519,0.21731,-0.961455,2.439782,1.105193,2.44401
510,4.25,0.16272,-0.054352,0.226899,-0.958689,2.438608,1.096669,2.453094
511,4.258333,0.16648,-0.049297,0.231993,-0.957096,2.437173,1.089256,2.461966
512,4.266667,0.169194,-0.045852,0.232187,-0.956745,2.43543,1.082869,2.470559
513,4.275,0.171318,-0.044539,0.228538,-0.957307,2.433465,1.077441,2.478793
514,4.283333,0.173528,-0.045424,0.223035,-0.958165,2.43143,1.072809,2.486618
515,4.291667,0.174962,-0.047703,0.218554,-0.958826,2.429414,1.068847,2.494059
516,4.3,0.176538,-0.050703,0.215238,-0.959133,2.427542,1.065482,2.501113
517,4.308333,0.178922,-0.053574,0.214157,-0.958777,2.425881,1.062611,2.50781
518,4.316667,0.18042,-0.055508,0.214716,-0.958261,2.424439,1.060091,2.514179
519,4.325,0.180394,-0.056071,0.217292,-0.957653,2.423217,1.057861,2.520241
520,4.333333,0.1796,-0.055534,0.220616,-0.957073,2.42223,1.055941,2.525985
521,4.341667,0.176925,-0.053599,0.224656,-0.956742,2.421365,1.054213,2.531452
522,4.35,0.174094,-0.050644,0.228577,-0.956493,2.420608,1.052734,2.536615
523,4.358333,0.171181,-0.046957,0.232128,-0.956352,2.419906,1.051469,2.541432
524,4.366667,0.168952,-0.043074,0.234791,-0.956281,2.419241,1.050401,2.54588
525,4.375,0.167321,-0.039246,0.237027,-0.956181,2.418576,1.049463,2.549957
526,4.383333,0.166081,-0.036108,0.238785,-0.956083,2.417885,1.04863,2.553654
527,4.391667,0.165839,-0.033655,0.240805,-0.955708,2.417162,1.047903,2.557047
528,4.4,0.16594,-0.032028,0.242813,-0.955238,2.416404,1.047259,2.560115
529,4.408333,0.166517,-0.031229,0.244395,-0.954761,2.415593,1.046722,2.562933
530,4.416667,0.167228,-0.031187,0.245477,-0.95436,2.414725,1.046312,2.565547
531,4.425,0.16728,-0.03189,0.245592,-0.954298,2.413789,1.046031,2.567996
532,4.433333,0.165847,-0.032976,0.244186,-0.954872,2.412734,1.045896,2.570345
533,4.441667,0.164421,-0.034463,0.24143,-0.955766,2.411551,1.045895,2.572625
534,4.45,0.162218,-0.03608,0.236996,-0.957192,2.410281,1.045998,2.574788
535,4.458333,0.159386,-0.0379,0.231521,-0.958936,2.408964,1.046188,2.576807
536,4.466667,0.15692,-0.040138,0.226299,-0.960497,2.407633,1.046342,2.578663
537,4.475,0.154491,-0.042798,0.22124,-0.961953,2.406383,1.04644,2.58031
538,4.483333,0.153033,-0.045795,0.216818,-0.963054,2.405223,1.046425,2.581776
539,4.491667,0.154012,-0.049303,0.21361,-0.963442,2.404178,1.046267,2.583059
540,4.5,0.15339,-0.052472,0.209794,-0.964212,2.40327,1.045978,2.584105
541,4.508333,0.153711,-0.055595,0.206809,-0.964631,2.402449,1.04548,2.584974
542,4.516667,0.154575,-0.058381,0.203855,-0.964957,2.401701,1.044801,2.585704
543,4.525,0.156056,-0.060793,0.200783,-0.965213,2.401047,1.043979,2.586316
544,4.533333,0.158476,-0.062802,0.19781,-0.965304,2.400459,1.043015,2.586844
545,4.541667,0.160664,-0.06448,0.194184,-0.965568,2.399944,1.041946,2.58727
546,4.55,0.163313,-0.065932,0.190096,-0.965839,2.399512,1.040796,2.587615
547,4.558333,0.165696,-0.067186,0.185818,-0.966179,2.399166,1.039574,2.587896
548,4.566667,0.167656,-0.068073,0.181315,-0.966635,2.398931,1.038316,2.588076
549,4.575,0.169714,-0.068552,0.177439,-0.966961,2.398779,1.037041,2.588232
550,4.583333,0.171836,-0.068603,0.173779,-0.967247,2.398724,1.035761,2.588373
551,4.591667,0.174542,-0.068101,0.171062,-0.967282,2.398745,1.034476,2.588469
552,4.6,0.177194,-0.067164,0.168808,-0.967262,2.398827,1.033248,2.588555
553,4.608333,0.18007,-0.065802,0.166976,-0.967142,2.398942,1.032044,2.588652
554,4.616667,0.18206,-0.06442,0.164453,-0.967295,2.399092,1.030953,2.588697
555,4.625,0.183942,-0.062873,0.161549,-0.96753,2.39925,1.029945,2.588736
556,4.633333,0.185642,-0.061418,0.158346,-0.967828,2.3994,1.029027,2.588782
557,4.641667,0.187127,-0.059968,0.154859,-0.968197,2.399564,1.028193,2.588833
558,4.65,0.188949,-0.058641,0.151661,-0.968431,2.399725,1.027425,2.588856
559,4.658333,0.190833,-0.057384,0.148547,-0.968619,2.399892,1.026717,2.588861
560,4.666667,0.192876,-0.056147,0.14571,-0.968718,2.400073,1.026064,2.588844
561,4.675,0.195011,-0.054851,0.143384,-0.968712,2.400271,1.025478,2.588803
562,4.683333,0.197228,-0.053449,0.141503,-0.968618,2.40049,1.024955,2.588755
563,4.691667,0.199637,-0.052005,0.140091,-0.968408,2.400743,1.024488,2.588708
564,4.7,0.201965,-0.050611,0.139365,-0.968104,2.400997,1.024038,2.588659
565,4.708333,0.203519,-0.049249,0.139195,-0.967874,2.401248,1.02363,2.588631
566,4.716667,0.204466,-0.047873,0.139528,-0.967695,2.401508,1.023304,2.588615
567,4.725,0.205211,-0.046971,0.139849,-0.967535,2.401733,1.023047,2.588647
568,4.733333,0.205513,-0.04625,0.14002,-0.967481,2.401937,1.022876,2.588685
569,4.741667,0.205637,-0.045683,0.140002,-0.967484,2.402116,1.022777,2.588715
570,4.75,0.205622,-0.045256,0.139756,-0.967543,2.402269,1.022739,2.588729
571,4.758333,0.205567,-0.044962,0.139311,-0.967633,2.4024,1.022759,2.588716
572,4.766667,0.20553,-0.044785,0.138787,-0.967724,2.402513,1.022823,2.588672
573,4.775,0.205489,-0.044662,0.13825,-0.967815,2.402614,1.022918,2.588604
574,4.783333,0.205522,-0.044481,0.137871,-0.967871,2.402713,1.023033,2.588514
575,4.791667,0.205495,-0.044188,0.137626,-0.967925,2.402809,1.023167,2.588409
576,4.8,0.205389,-0.04376,0.137539,-0.967979,2.402903,1.023315,2.5883
577,4.808333,0.205175,-0.043215,0.137686,-0.968028,2.402997,1.023471,2.58819
578,4.816667,0.204664,-0.042552,0.138052,-0.968113,2.403097,1.023653,2.588074
579,4.825,0.204159,-0.041766,0.13858,-0.968179,2.403201,1.023826,2.587974
580,4.833333,0.203738,-0.04094,0.139123,-0.968225,2.403301,1.023987,2.587904
581,4.841667,0.203255,-0.039988,0.139782,-0.968271,2.403403,1.024151,2.587857
582,4.85,0.202772,-0.038857,0.140552,-0.968307,2.403501,1.024321,2.587834
583,4.858333,0.20227,-0.037554,0.141392,-0.968341,2.403595,1.024491,2.587837
584,4.866667,0.20224,-0.036218,0.142445,-0.968244,2.403683,1.024658,2.587866
585,4.875,0.202072,-0.034786,0.143417,-0.968188,2.403747,1.024818,2.587917
586,4.883333,0.201428,-0.033322,0.144161,-0.968263,2.403781,1.024959,2.58799
587,4.891667,0.201098,-0.03205,0.144859,-0.968271,2.403792,1.025115,2.588089
588,4.9,0.200638,-0.031,0.145618,-0.968287,2.403767,1.02525,2.588217
589,4.908333,0.200034,-0.030191,0.14641,-0.968318,2.403704,1.025371,2.588377
590,4.916667,0.199327,-0.029599,0.147165,-0.968367,2.4036,1.025484,2.588565
591,4.925,0.198564,-0.029181,0.147886,-0.968427,2.403453,1.025591,2.588776
592,4.933333,0.197937,-0.02879,0.14869,-0.968444,2.403283,1.025696,2.58899
593,4.941667,0.197317,-0.028728,0.149515,-0.968445,2.403098,1.025795,2.589211
594,4.95,0.196783,-0.028649,0.150213,-0.968448,2.402898,1.025879,2.589443
595,4.958333,0.196131,-0.028657,0.150769,-0.968494,2.402675,1.025952,2.58971
596,4.966667,0.195215,-0.028428,0.151343,-0.968596,2.402423,1.025997,2.590003
597,4.975,0.19449,-0.028061,0.152011,-0.968648,2.402176,1.026031,2.590302
598,4.983333,0.194319,-0.027547,0.153035,-0.968536,2.401929,1.026038,2.590622
599,4.991667,0.1942,-0.026843,0.154077,-0.968414,2.401709,1.026037,2.590943
600,5,0.193823,-0.02599,0.154997,-0.968366,2.401525,1.026038,2.591265
