Format Version,1.22,Take Name,Take 2023-10-03 11.50.27 AM,Capture Frame Rate,120.000000,Export Frame Rate,120.000000,Capture Start Time,29 Dec 1969 21:29:05 +0200,Total Frames in Take,601,Total Exported Frames,601,Rotation Type,Quaternion,Length Units,Meters,Coordinate Space,Global

,,Rigid Body,Rigid Body,Rigid Body,Rigid Body,Rigid Body,Rigid Body,Rigid Body,Rigid Body,Rigid Body,Rigid Body,Rigid Body,Rigid Body,Rigid Body,Rigid Body
,,left_hand,left_hand,left_hand,left_hand,left_hand,left_hand,left_hand,right_hand,right_hand,right_hand,right_hand,right_hand,right_hand,right_hand
,,"44FD74BD377C11EE8A984076B0403D8E","44FD74BD377C11EE8A984076B0403D8E","44FD74BD377C11EE8A984076B0403D8E","44FD74BD377C11EE8A984076B0403D8E","44FD74BD377C11EE8A984076B0403D8E","44FD74BD377C11EE8A984076B0403D8E","44FD74BD377C11EE8A984076B0403D8E","5D11C736377C11EE8A984076B0403D8E","5D11C736377C11EE8A984076B0403D8E","5D11C736377C11EE8A984076B0403D8E","5D11C736377C11EE8A984076B0403D8E","5D11C736377C11EE8A984076B0403D8E","5D11C736377C11EE8A984076B0403D8E","5D11C736377C11EE8A984076B0403D8E"
,,Rotation,Rotation,Rotation,Rotation,Position,Position,Position,Rotation,Rotation,Rotation,Rotation,Position,Position,Position
Frame,Time (Seconds),X,Y,Z,W,X,Y,Z,X,Y,Z,W,X,Y,Z
0,0.000000,0.103528,-0.035929,0.105563,-0.988356,2.098199,1.186764,2.402652,0.122533,-0.054512,-0.081872,-0.987578,2.479729,1.169060,2.376021
1,0.008333,0.103418,-0.035906,0.105368,-0.988389,2.098206,1.186833,2.402658,0.122425,-0.054495,-0.082097,-0.987574,2.479754,1.169093,2.376056
2,0.016667,0.103342,-0.035852,0.105226,-0.988414,2.098224,1.186896,2.402661,0.122383,-0.054472,-0.082218,-0.987571,2.479790,1.169129,2.376084
3,0.025000,0.103259,-0.035762,0.105192,-0.988430,2.098249,1.186946,2.402665,0.122350,-0.054451,-0.082233,-0.987574,2.479833,1.169170,2.376111
4,0.033333,0.103164,-0.035658,0.105282,-0.988434,2.098280,1.186988,2.402668,0.122442,-0.054349,-0.082020,-0.987586,2.479887,1.169227,2.376131
5,0.041667,0.103079,-0.035562,0.105412,-0.988432,2.098315,1.187022,2.402667,0.122277,-0.054286,-0.081948,-0.987616,2.479944,1.169277,2.376160
6,0.050000,0.103033,-0.035483,0.105482,-0.988433,2.098345,1.187054,2.402660,0.122107,-0.054224,-0.081865,-0.987647,2.480003,1.169330,2.376190
7,0.058333,0.103005,-0.035447,0.105422,-0.988443,2.098366,1.187085,2.402648,0.122174,-0.054051,-0.081698,-0.987663,2.480062,1.169390,2.376204
8,0.066667,0.103021,-0.035451,0.105240,-0.988461,2.098373,1.187118,2.402628,0.122204,-0.053914,-0.081608,-0.987674,2.480114,1.169447,2.376217
9,0.075000,0.103010,-0.035486,0.104951,-0.988491,2.098371,1.187156,2.402604,0.122058,-0.053866,-0.081708,-0.987686,2.480167,1.169488,2.376235
10,0.083333,0.103012,-0.035532,0.104630,-0.988524,2.098365,1.187194,2.402575,0.121953,-0.053822,-0.081733,-0.987700,2.480225,1.169528,2.376252
11,0.091667,0.102965,-0.035596,0.104359,-0.988555,2.098357,1.187229,2.402547,0.122062,-0.053716,-0.081479,-0.987713,2.480289,1.169574,2.376254
12,0.100000,0.102841,-0.035638,0.104181,-0.988585,2.098351,1.187263,2.402520,0.121949,-0.053658,-0.081280,-0.987746,2.480361,1.169602,2.376266
13,0.108333,0.102693,-0.035674,0.104122,-0.988605,2.098346,1.187295,2.402495,0.122062,-0.053552,-0.080756,-0.987781,2.480440,1.169636,2.376267
14,0.116667,0.102549,-0.035728,0.104095,-0.988621,2.098343,1.187328,2.402471,0.122169,-0.053412,-0.080154,-0.987825,2.480523,1.169662,2.376269
15,0.125000,0.102399,-0.035793,0.104025,-0.988642,2.098343,1.187373,2.402441,0.122117,-0.053312,-0.079671,-0.987875,2.480613,1.169668,2.376276
16,0.133333,0.102249,-0.035864,0.103995,-0.988658,2.098342,1.187419,2.402416,0.122095,-0.053164,-0.079122,-0.987930,2.480702,1.169668,2.376282
17,0.141667,0.102144,-0.035885,0.103979,-0.988670,2.098345,1.187467,2.402398,0.122139,-0.053000,-0.078536,-0.987980,2.480790,1.169662,2.376288
18,0.150000,0.102067,-0.035885,0.103957,-0.988680,2.098346,1.187516,2.402386,0.122234,-0.052837,-0.077938,-0.988025,2.480873,1.169651,2.376291
19,0.158333,0.101984,-0.035877,0.103952,-0.988689,2.098349,1.187567,2.402384,0.122334,-0.052635,-0.077329,-0.988071,2.480954,1.169633,2.376292
20,0.166667,0.101894,-0.035835,0.103983,-0.988697,2.098354,1.187617,2.402385,0.122452,-0.052456,-0.076724,-0.988113,2.481035,1.169607,2.376296
21,0.175000,0.101795,-0.035774,0.104057,-0.988701,2.098360,1.187662,2.402394,0.122568,-0.052294,-0.076121,-0.988154,2.481113,1.169580,2.376302
22,0.183333,0.101671,-0.035661,0.104264,-0.988696,2.098367,1.187704,2.402411,0.122697,-0.052128,-0.075548,-0.988191,2.481188,1.169549,2.376316
23,0.191667,0.101523,-0.035495,0.104601,-0.988682,2.098380,1.187737,2.402438,0.122779,-0.052023,-0.074976,-0.988230,2.481255,1.169521,2.376336
24,0.200000,0.101320,-0.035246,0.105083,-0.988660,2.098403,1.187761,2.402473,0.122878,-0.051910,-0.074406,-0.988266,2.481326,1.169489,2.376357
25,0.208333,0.101000,-0.034911,0.105792,-0.988630,2.098438,1.187777,2.402521,0.123001,-0.051769,-0.073761,-0.988307,2.481401,1.169454,2.376379
26,0.216667,0.100597,-0.034519,0.106780,-0.988578,2.098493,1.187782,2.402581,0.123123,-0.051587,-0.073012,-0.988357,2.481487,1.169419,2.376397
27,0.225000,0.100041,-0.034090,0.108024,-0.988514,2.098567,1.187776,2.402651,0.123583,-0.051312,-0.071786,-0.988403,2.481586,1.169399,2.376396
28,0.233333,0.099454,-0.033595,0.109445,-0.988434,2.098655,1.187761,2.402739,0.123838,-0.051086,-0.070604,-0.988468,2.481691,1.169361,2.376408
29,0.241667,0.098830,-0.033135,0.110844,-0.988356,2.098752,1.187747,2.402828,0.124070,-0.050878,-0.069400,-0.988535,2.481791,1.169317,2.376421
30,0.250000,0.098195,-0.032723,0.112120,-0.988289,2.098848,1.187738,2.402915,0.124313,-0.050687,-0.068364,-0.988587,2.481873,1.169269,2.376437
31,0.258333,0.097588,-0.032380,0.113140,-0.988245,2.098933,1.187739,2.402996,0.124523,-0.050514,-0.067734,-0.988612,2.481923,1.169212,2.376459
32,0.266667,0.097121,-0.032119,0.113747,-0.988230,2.098999,1.187756,2.403068,0.124666,-0.050372,-0.067638,-0.988608,2.481933,1.169155,2.376491
33,0.275000,0.096887,-0.031890,0.113962,-0.988235,2.099037,1.187797,2.403117,0.124698,-0.050276,-0.068126,-0.988575,2.481894,1.169102,2.376535
34,0.283333,0.096825,-0.031821,0.113577,-0.988288,2.099046,1.187851,2.403151,0.124739,-0.050148,-0.069033,-0.988514,2.481808,1.169066,2.376585
35,0.291667,0.096792,-0.031974,0.112517,-0.988407,2.099031,1.187908,2.403167,0.124429,-0.050062,-0.070540,-0.988451,2.481680,1.169029,2.376655
36,0.300000,0.096915,-0.032204,0.111175,-0.988540,2.099003,1.187961,2.403178,0.123836,-0.050047,-0.072386,-0.988393,2.481538,1.168993,2.376735
37,0.308333,0.097192,-0.032461,0.109711,-0.988668,2.098957,1.188004,2.403178,0.123217,-0.050001,-0.074145,-0.988342,2.481399,1.168969,2.376810
38,0.316667,0.097585,-0.032718,0.108326,-0.988773,2.098906,1.188027,2.403169,0.122652,-0.049942,-0.075588,-0.988306,2.481280,1.168960,2.376873
39,0.325000,0.097934,-0.032918,0.107321,-0.988842,2.098860,1.188026,2.403158,0.122221,-0.049847,-0.076599,-0.988286,2.481194,1.168960,2.376918
40,0.333333,0.098201,-0.033052,0.106784,-0.988869,2.098832,1.187995,2.403156,0.121923,-0.049709,-0.077132,-0.988289,2.481149,1.168964,2.376945
41,0.341667,0.098414,-0.033124,0.106654,-0.988859,2.098816,1.187938,2.403156,0.121761,-0.049546,-0.077203,-0.988311,2.481144,1.168973,2.376953
42,0.350000,0.098506,-0.033183,0.106800,-0.988832,2.098811,1.187868,2.403165,0.121761,-0.049354,-0.076837,-0.988350,2.481174,1.168981,2.376941
43,0.358333,0.098573,-0.033214,0.107016,-0.988801,2.098797,1.187795,2.403168,0.121933,-0.049122,-0.076153,-0.988393,2.481236,1.168993,2.376910
44,0.366667,0.098618,-0.033261,0.107204,-0.988775,2.098779,1.187723,2.403173,0.122223,-0.048875,-0.075329,-0.988432,2.481319,1.169005,2.376865
45,0.375000,0.098662,-0.033333,0.107281,-0.988760,2.098758,1.187655,2.403181,0.122585,-0.048614,-0.074521,-0.988462,2.481404,1.169022,2.376812
46,0.383333,0.098723,-0.033420,0.107221,-0.988757,2.098727,1.187594,2.403187,0.123161,-0.048316,-0.073625,-0.988472,2.481495,1.169062,2.376739
47,0.391667,0.098824,-0.033542,0.107016,-0.988765,2.098685,1.187542,2.403189,0.123546,-0.048044,-0.073021,-0.988482,2.481573,1.169107,2.376671
48,0.400000,0.098949,-0.033678,0.106681,-0.988784,2.098634,1.187502,2.403194,0.123554,-0.047867,-0.072851,-0.988502,2.481636,1.169158,2.376619
49,0.408333,0.099059,-0.033827,0.106302,-0.988809,2.098582,1.187471,2.403199,0.123573,-0.047671,-0.072752,-0.988516,2.481683,1.169228,2.376565
50,0.416667,0.099168,-0.033975,0.105909,-0.988835,2.098535,1.187443,2.403205,0.123506,-0.047496,-0.072763,-0.988532,2.481718,1.169313,2.376516
51,0.425000,0.099201,-0.034102,0.105664,-0.988854,2.098507,1.187417,2.403227,0.123409,-0.047337,-0.072790,-0.988550,2.481743,1.169408,2.376473
52,0.433333,0.099209,-0.034193,0.105501,-0.988867,2.098488,1.187396,2.403255,0.123280,-0.047188,-0.072753,-0.988576,2.481764,1.169514,2.376429
53,0.441667,0.099241,-0.034253,0.105412,-0.988871,2.098468,1.187384,2.403275,0.123139,-0.047045,-0.072647,-0.988608,2.481784,1.169624,2.376382
54,0.450000,0.099229,-0.034294,0.105406,-0.988872,2.098459,1.187376,2.403300,0.123038,-0.046912,-0.072478,-0.988639,2.481801,1.169736,2.376336
55,0.458333,0.099167,-0.034329,0.105479,-0.988869,2.098458,1.187371,2.403331,0.122965,-0.046794,-0.072263,-0.988670,2.481817,1.169847,2.376289
56,0.466667,0.099115,-0.034371,0.105546,-0.988866,2.098459,1.187369,2.403363,0.122828,-0.046731,-0.072147,-0.988698,2.481829,1.169945,2.376242
57,0.475000,0.099041,-0.034418,0.105565,-0.988869,2.098455,1.187371,2.403391,0.122693,-0.046678,-0.072037,-0.988726,2.481838,1.170042,2.376195
58,0.483333,0.099002,-0.034489,0.105487,-0.988879,2.098444,1.187371,2.403419,0.122611,-0.046596,-0.072025,-0.988741,2.481845,1.170134,2.376146
59,0.491667,0.099000,-0.034572,0.105344,-0.988892,2.098428,1.187374,2.403443,0.122479,-0.046546,-0.072099,-0.988754,2.481838,1.170230,2.376114
60,0.500000,0.099026,-0.034637,0.105201,-0.988902,2.098411,1.187373,2.403463,0.122348,-0.046503,-0.072240,-0.988762,2.481826,1.170323,2.376082
61,0.508333,0.099060,-0.034723,0.105065,-0.988910,2.098394,1.187366,2.403482,0.122187,-0.046442,-0.072430,-0.988771,2.481808,1.170412,2.376051
62,0.516667,0.099086,-0.034796,0.104946,-0.988917,2.098377,1.187358,2.403499,0.122036,-0.046368,-0.072678,-0.988775,2.481785,1.170495,2.376023
63,0.525000,0.099143,-0.034852,0.104802,-0.988925,2.098361,1.187346,2.403513,0.121879,-0.046284,-0.072976,-0.988776,2.481751,1.170571,2.375999
64,0.533333,0.099188,-0.034902,0.104657,-0.988934,2.098349,1.187333,2.403528,0.121718,-0.046220,-0.073343,-0.988772,2.481708,1.170639,2.375980
65,0.541667,0.099210,-0.034931,0.104514,-0.988946,2.098340,1.187320,2.403540,0.121578,-0.046185,-0.073732,-0.988762,2.481659,1.170701,2.375969
66,0.550000,0.099220,-0.034952,0.104379,-0.988958,2.098333,1.187305,2.403551,0.121455,-0.046166,-0.074070,-0.988752,2.481606,1.170755,2.375965
67,0.558333,0.099218,-0.034973,0.104281,-0.988968,2.098325,1.187287,2.403559,0.121444,-0.046181,-0.074320,-0.988734,2.481545,1.170796,2.375970
68,0.566667,0.099198,-0.035003,0.104251,-0.988972,2.098313,1.187263,2.403568,0.121283,-0.046146,-0.074399,-0.988750,2.481487,1.170830,2.375976
69,0.575000,0.099203,-0.035042,0.104292,-0.988966,2.098294,1.187235,2.403571,0.121262,-0.046112,-0.074317,-0.988760,2.481437,1.170850,2.375986
70,0.583333,0.099221,-0.035123,0.104358,-0.988954,2.098262,1.187203,2.403570,0.121402,-0.046115,-0.074123,-0.988757,2.481408,1.170871,2.375992
71,0.591667,0.099308,-0.035223,0.104483,-0.988929,2.098211,1.187163,2.403572,0.121456,-0.046056,-0.073686,-0.988786,2.481391,1.170882,2.375990
72,0.600000,0.099408,-0.035372,0.104598,-0.988902,2.098143,1.187120,2.403569,0.121630,-0.046035,-0.073142,-0.988806,2.481397,1.170888,2.375987
73,0.608333,0.099480,-0.035595,0.104600,-0.988886,2.098063,1.187079,2.403550,0.121828,-0.045981,-0.072489,-0.988832,2.481419,1.170886,2.375990
74,0.616667,0.099590,-0.035837,0.104576,-0.988869,2.097967,1.187032,2.403530,0.122029,-0.045927,-0.071766,-0.988863,2.481450,1.170870,2.375993
75,0.625000,0.099795,-0.036063,0.104521,-0.988846,2.097855,1.186977,2.403518,0.122255,-0.045886,-0.071059,-0.988888,2.481484,1.170844,2.375997
76,0.633333,0.100062,-0.036307,0.104383,-0.988824,2.097737,1.186923,2.403504,0.122478,-0.045855,-0.070424,-0.988907,2.481517,1.170811,2.376006
77,0.641667,0.100302,-0.036580,0.104155,-0.988814,2.097617,1.186871,2.403481,0.122658,-0.045864,-0.069886,-0.988922,2.481545,1.170773,2.376016
78,0.650000,0.100531,-0.036844,0.103951,-0.988802,2.097496,1.186816,2.403461,0.122867,-0.045905,-0.069427,-0.988927,2.481564,1.170728,2.376024
79,0.658333,0.100746,-0.037061,0.103761,-0.988792,2.097379,1.186761,2.403444,0.123045,-0.045929,-0.069035,-0.988931,2.481584,1.170683,2.376035
80,0.666667,0.101000,-0.037215,0.103673,-0.988770,2.097267,1.186700,2.403445,0.123243,-0.045978,-0.068680,-0.988929,2.481597,1.170634,2.376045
81,0.675000,0.101186,-0.037382,0.103619,-0.988750,2.097166,1.186649,2.403446,0.123372,-0.046087,-0.068309,-0.988933,2.481606,1.170598,2.376080
82,0.683333,0.101345,-0.037512,0.103633,-0.988728,2.097075,1.186599,2.403466,0.123517,-0.046175,-0.067940,-0.988937,2.481616,1.170562,2.376109
83,0.691667,0.101464,-0.037637,0.103665,-0.988707,2.096995,1.186559,2.403495,0.123640,-0.046253,-0.067595,-0.988941,2.481623,1.170531,2.376140
84,0.700000,0.101534,-0.037742,0.103644,-0.988698,2.096925,1.186532,2.403536,0.123754,-0.046330,-0.067293,-0.988944,2.481630,1.170508,2.376174
85,0.708333,0.101518,-0.037860,0.103508,-0.988710,2.096869,1.186522,2.403575,0.123865,-0.046407,-0.067047,-0.988943,2.481632,1.170486,2.376202
86,0.716667,0.101469,-0.037986,0.103298,-0.988732,2.096818,1.186524,2.403626,0.123908,-0.046475,-0.066841,-0.988949,2.481640,1.170476,2.376240
87,0.725000,0.101488,-0.038037,0.103155,-0.988743,2.096773,1.186543,2.403680,0.123974,-0.046525,-0.066661,-0.988950,2.481652,1.170467,2.376267
88,0.733333,0.101490,-0.038099,0.102959,-0.988761,2.096731,1.186561,2.403742,0.123967,-0.046574,-0.066441,-0.988963,2.481678,1.170471,2.376301
89,0.741667,0.101493,-0.038148,0.102714,-0.988784,2.096689,1.186578,2.403812,0.123919,-0.046620,-0.066140,-0.988987,2.481720,1.170483,2.376328
90,0.750000,0.101469,-0.038180,0.102512,-0.988806,2.096649,1.186588,2.403888,0.123881,-0.046652,-0.065688,-0.989021,2.481787,1.170498,2.376345
91,0.758333,0.101452,-0.038220,0.102393,-0.988819,2.096609,1.186592,2.403968,0.123881,-0.046657,-0.065049,-0.989063,2.481880,1.170516,2.376352
92,0.766667,0.101418,-0.038263,0.102406,-0.988819,2.096571,1.186584,2.404047,0.123945,-0.046640,-0.064155,-0.989114,2.482006,1.170536,2.376347
93,0.775000,0.101396,-0.038325,0.102488,-0.988811,2.096528,1.186566,2.404125,0.123999,-0.046479,-0.062921,-0.989194,2.482152,1.170543,2.376336
94,0.783333,0.101393,-0.038402,0.102555,-0.988801,2.096481,1.186541,2.404204,0.124159,-0.046329,-0.061583,-0.989265,2.482326,1.170560,2.376322
95,0.791667,0.101393,-0.038491,0.102558,-0.988797,2.096424,1.186513,2.404276,0.124369,-0.046155,-0.060301,-0.989326,2.482508,1.170577,2.376299
96,0.800000,0.101463,-0.038609,0.102405,-0.988801,2.096359,1.186486,2.404344,0.124520,-0.045950,-0.059182,-0.989384,2.482680,1.170587,2.376271
97,0.808333,0.101581,-0.038752,0.102083,-0.988817,2.096303,1.186457,2.404398,0.124730,-0.045738,-0.058360,-0.989416,2.482835,1.170597,2.376238
98,0.816667,0.101752,-0.038879,0.101642,-0.988840,2.096235,1.186431,2.404459,0.124858,-0.045557,-0.057862,-0.989438,2.482971,1.170612,2.376209
99,0.825000,0.101839,-0.039060,0.100966,-0.988893,2.096168,1.186397,2.404524,0.124908,-0.045408,-0.057562,-0.989456,2.483085,1.170637,2.376188
100,0.833333,0.101977,-0.039251,0.100254,-0.988944,2.096120,1.186359,2.404577,0.124844,-0.045290,-0.057388,-0.989479,2.483184,1.170672,2.376171
101,0.841667,0.102138,-0.039409,0.099608,-0.988986,2.096082,1.186323,2.404627,0.124732,-0.045189,-0.057235,-0.989507,2.483270,1.170713,2.376159
102,0.850000,0.102311,-0.039545,0.099080,-0.989016,2.096058,1.186287,2.404680,0.124603,-0.045099,-0.057063,-0.989537,2.483347,1.170758,2.376149
103,0.858333,0.102437,-0.039656,0.098687,-0.989037,2.096044,1.186249,2.404734,0.124490,-0.045023,-0.056882,-0.989565,2.483413,1.170802,2.376142
104,0.866667,0.102532,-0.039754,0.098442,-0.989048,2.096038,1.186209,2.404790,0.124346,-0.044978,-0.056711,-0.989595,2.483467,1.170853,2.376142
105,0.875000,0.102546,-0.039856,0.098351,-0.989052,2.096049,1.186164,2.404853,0.124196,-0.044990,-0.056575,-0.989622,2.483502,1.170905,2.376144
106,0.883333,0.102588,-0.039916,0.098333,-0.989046,2.096060,1.186123,2.404909,0.124083,-0.045031,-0.056544,-0.989636,2.483519,1.170954,2.376150
107,0.891667,0.102594,-0.039963,0.098455,-0.989032,2.096083,1.186079,2.404979,0.123994,-0.045091,-0.056632,-0.989639,2.483519,1.171000,2.376158
108,0.900000,0.102563,-0.040024,0.098521,-0.989026,2.096109,1.186051,2.405032,0.123881,-0.045163,-0.056820,-0.989639,2.483502,1.171048,2.376171
109,0.908333,0.102554,-0.040051,0.098621,-0.989016,2.096139,1.186027,2.405103,0.123693,-0.045242,-0.057111,-0.989642,2.483473,1.171100,2.376188
110,0.916667,0.102535,-0.040072,0.098697,-0.989009,2.096187,1.186007,2.405165,0.123460,-0.045317,-0.057475,-0.989647,2.483431,1.171157,2.376212
111,0.925000,0.102582,-0.040070,0.098687,-0.989006,2.096231,1.186001,2.405213,0.123188,-0.045383,-0.057928,-0.989651,2.483382,1.171219,2.376240
112,0.933333,0.102600,-0.040070,0.098655,-0.989007,2.096273,1.186004,2.405262,0.122914,-0.045427,-0.058420,-0.989654,2.483330,1.171285,2.376267
113,0.941667,0.102581,-0.040062,0.098617,-0.989013,2.096328,1.186010,2.405303,0.122817,-0.045518,-0.059043,-0.989625,2.483295,1.171354,2.376292
114,0.950000,0.102551,-0.040071,0.098568,-0.989021,2.096387,1.186021,2.405340,0.122759,-0.045585,-0.059600,-0.989596,2.483270,1.171420,2.376316
115,0.958333,0.102493,-0.040083,0.098522,-0.989031,2.096446,1.186036,2.405375,0.122710,-0.045637,-0.060015,-0.989575,2.483243,1.171465,2.376347
116,0.966667,0.102400,-0.040109,0.098510,-0.989041,2.096501,1.186053,2.405408,0.122778,-0.045674,-0.060283,-0.989548,2.483239,1.171510,2.376371
117,0.975000,0.102288,-0.040133,0.098544,-0.989048,2.096553,1.186071,2.405436,0.122711,-0.045563,-0.060222,-0.989565,2.483255,1.171551,2.376379
118,0.983333,0.102186,-0.040177,0.098590,-0.989052,2.096599,1.186089,2.405459,0.122726,-0.045453,-0.060036,-0.989580,2.483294,1.171592,2.376380
119,0.991667,0.102081,-0.040229,0.098648,-0.989055,2.096631,1.186106,2.405473,0.122778,-0.045348,-0.059753,-0.989595,2.483349,1.171624,2.376382
120,1.000000,0.101987,-0.040302,0.098673,-0.989059,2.096651,1.186123,2.405482,0.122850,-0.045224,-0.059394,-0.989614,2.483414,1.171646,2.376381
121,1.008333,0.101878,-0.040413,0.098593,-0.989074,2.096660,1.186148,2.405473,0.122820,-0.045027,-0.058960,-0.989652,2.483475,1.171650,2.376382
122,1.016667,0.101806,-0.040554,0.098422,-0.989093,2.096657,1.186175,2.405456,0.122788,-0.044846,-0.058586,-0.989687,2.483540,1.171647,2.376384
123,1.025000,0.101762,-0.040700,0.098180,-0.989115,2.096641,1.186204,2.405433,0.122796,-0.044703,-0.058304,-0.989709,2.483604,1.171640,2.376385
124,1.033333,0.101751,-0.040837,0.097852,-0.989143,2.096613,1.186238,2.405406,0.122818,-0.044584,-0.058134,-0.989721,2.483665,1.171629,2.376389
125,1.041667,0.101795,-0.040991,0.097437,-0.989173,2.096577,1.186272,2.405374,0.122864,-0.044483,-0.058058,-0.989725,2.483719,1.171616,2.376394
126,1.050000,0.101818,-0.041152,0.097035,-0.989204,2.096546,1.186306,2.405347,0.122832,-0.044425,-0.058031,-0.989733,2.483763,1.171610,2.376402
127,1.058333,0.101844,-0.041279,0.096716,-0.989227,2.096508,1.186341,2.405328,0.122831,-0.044375,-0.058093,-0.989732,2.483803,1.171600,2.376416
128,1.066667,0.101874,-0.041374,0.096519,-0.989239,2.096474,1.186379,2.405308,0.122774,-0.044346,-0.058142,-0.989737,2.483831,1.171599,2.376434
129,1.075000,0.101867,-0.041444,0.096429,-0.989246,2.096449,1.186415,2.405290,0.122776,-0.044332,-0.058206,-0.989734,2.483855,1.171595,2.376458
130,1.083333,0.101823,-0.041498,0.096402,-0.989250,2.096435,1.186455,2.405272,0.122807,-0.044324,-0.058226,-0.989729,2.483872,1.171591,2.376478
131,1.091667,0.101753,-0.041547,0.096430,-0.989253,2.096426,1.186499,2.405255,0.122966,-0.044394,-0.058269,-0.989704,2.483883,1.171579,2.376513
132,1.100000,0.101656,-0.041596,0.096476,-0.989256,2.096421,1.186548,2.405239,0.123006,-0.044406,-0.058173,-0.989704,2.483888,1.171581,2.376535
133,1.108333,0.101553,-0.041641,0.096543,-0.989259,2.096419,1.186600,2.405224,0.123004,-0.044416,-0.058066,-0.989710,2.483886,1.171587,2.376558
134,1.116667,0.101451,-0.041672,0.096643,-0.989258,2.096417,1.186651,2.405211,0.122973,-0.044435,-0.058030,-0.989715,2.483875,1.171589,2.376584
135,1.125000,0.101342,-0.041695,0.096797,-0.989253,2.096416,1.186701,2.405201,0.122916,-0.044462,-0.058060,-0.989719,2.483859,1.171589,2.376609
136,1.133333,0.101212,-0.041713,0.097030,-0.989243,2.096421,1.186745,2.405192,0.122883,-0.044489,-0.058125,-0.989718,2.483841,1.171587,2.376634
137,1.141667,0.101039,-0.041698,0.097342,-0.989231,2.096433,1.186779,2.405185,0.122842,-0.044514,-0.058187,-0.989719,2.483817,1.171581,2.376659
138,1.150000,0.100817,-0.041659,0.097750,-0.989215,2.096455,1.186799,2.405182,0.122866,-0.044595,-0.058306,-0.989705,2.483784,1.171567,2.376695
139,1.158333,0.100626,-0.041599,0.098215,-0.989191,2.096486,1.186805,2.405178,0.122826,-0.044616,-0.058352,-0.989706,2.483751,1.171560,2.376721
140,1.166667,0.100472,-0.041518,0.098692,-0.989162,2.096519,1.186798,2.405172,0.122835,-0.044697,-0.058420,-0.989697,2.483706,1.171546,2.376755
141,1.175000,0.100405,-0.041473,0.099093,-0.989131,2.096552,1.186775,2.405161,0.122787,-0.044731,-0.058426,-0.989702,2.483658,1.171540,2.376781
142,1.183333,0.100409,-0.041458,0.099436,-0.989097,2.096585,1.186736,2.405146,0.122725,-0.044763,-0.058435,-0.989707,2.483604,1.171536,2.376806
143,1.191667,0.100523,-0.041449,0.099647,-0.989064,2.096603,1.186684,2.405119,0.122697,-0.044811,-0.058469,-0.989706,2.483544,1.171532,2.376832
144,1.200000,0.100697,-0.041481,0.099752,-0.989034,2.096613,1.186621,2.405087,0.122680,-0.044850,-0.058529,-0.989703,2.483481,1.171529,2.376859
145,1.208333,0.100877,-0.041552,0.099818,-0.989007,2.096615,1.186544,2.405053,0.122665,-0.044872,-0.058614,-0.989699,2.483416,1.171526,2.376884
146,1.216667,0.101064,-0.041670,0.099842,-0.988980,2.096606,1.186460,2.405017,0.122652,-0.044913,-0.058773,-0.989689,2.483352,1.171524,2.376908
147,1.225000,0.101259,-0.041836,0.099794,-0.988958,2.096587,1.186374,2.404979,0.122648,-0.044935,-0.058943,-0.989679,2.483290,1.171524,2.376931
148,1.233333,0.101449,-0.042023,0.099663,-0.988944,2.096556,1.186288,2.404943,0.122676,-0.044972,-0.059143,-0.989662,2.483235,1.171532,2.376954
149,1.241667,0.101619,-0.042211,0.099520,-0.988933,2.096515,1.186205,2.404908,0.122709,-0.045007,-0.059303,-0.989646,2.483182,1.171538,2.376975
150,1.250000,0.101782,-0.042405,0.099399,-0.988920,2.096478,1.186122,2.404872,0.122723,-0.045031,-0.059409,-0.989637,2.483129,1.171539,2.376996
151,1.258333,0.101941,-0.042577,0.099381,-0.988898,2.096429,1.186041,2.404859,0.122746,-0.045050,-0.059434,-0.989632,2.483076,1.171534,2.377015
152,1.266667,0.102069,-0.042742,0.099405,-0.988875,2.096378,1.185965,2.404856,0.122804,-0.045081,-0.059358,-0.989628,2.483024,1.171523,2.377033
153,1.275000,0.102168,-0.042904,0.099485,-0.988850,2.096329,1.185894,2.404856,0.122868,-0.045130,-0.059238,-0.989625,2.482972,1.171506,2.377048
154,1.283333,0.102244,-0.043077,0.099572,-0.988826,2.096281,1.185829,2.404861,0.122957,-0.045179,-0.059130,-0.989618,2.482918,1.171483,2.377061
155,1.291667,0.102324,-0.043247,0.099618,-0.988805,2.096232,1.185772,2.404867,0.123049,-0.045231,-0.059100,-0.989606,2.482862,1.171453,2.377073
156,1.300000,0.102431,-0.043403,0.099567,-0.988793,2.096180,1.185724,2.404872,0.123129,-0.045283,-0.059210,-0.989587,2.482798,1.171418,2.377086
157,1.308333,0.102624,-0.043580,0.099357,-0.988786,2.096129,1.185681,2.404870,0.123186,-0.045339,-0.059479,-0.989561,2.482727,1.171376,2.377101
158,1.316667,0.102888,-0.043755,0.099016,-0.988785,2.096073,1.185644,2.404866,0.123212,-0.045393,-0.059875,-0.989532,2.482651,1.171329,2.377117
159,1.325000,0.103144,-0.043903,0.098653,-0.988788,2.096013,1.185609,2.404865,0.123235,-0.045436,-0.060311,-0.989501,2.482575,1.171277,2.377136
160,1.333333,0.103380,-0.044017,0.098405,-0.988783,2.095951,1.185568,2.404872,0.123258,-0.045480,-0.060707,-0.989471,2.482504,1.171224,2.377153
161,1.341667,0.103567,-0.044091,0.098287,-0.988772,2.095898,1.185521,2.404889,0.123167,-0.045462,-0.060850,-0.989475,2.482432,1.171166,2.377169
162,1.350000,0.103670,-0.044121,0.098357,-0.988753,2.095851,1.185467,2.404916,0.123163,-0.045436,-0.060837,-0.989477,2.482373,1.171097,2.377183
163,1.358333,0.103699,-0.044131,0.098569,-0.988728,2.095809,1.185406,2.404950,0.123248,-0.045449,-0.060689,-0.989475,2.482327,1.171025,2.377193
164,1.366667,0.103656,-0.044148,0.098855,-0.988703,2.095770,1.185341,2.404991,0.123427,-0.045508,-0.060410,-0.989467,2.482294,1.170962,2.377194
165,1.375000,0.103579,-0.044178,0.099138,-0.988682,2.095727,1.185280,2.405035,0.123591,-0.045573,-0.060056,-0.989465,2.482257,1.170889,2.377188
166,1.383333,0.103549,-0.044236,0.099318,-0.988664,2.095665,1.185228,2.405085,0.123751,-0.045654,-0.059782,-0.989458,2.482215,1.170811,2.377180
167,1.391667,0.103596,-0.044349,0.099302,-0.988656,2.095595,1.185186,2.405123,0.124014,-0.045730,-0.059756,-0.989423,2.482172,1.170733,2.377169
168,1.400000,0.103733,-0.044527,0.099056,-0.988658,2.095508,1.185153,2.405151,0.124199,-0.045845,-0.059959,-0.989383,2.482112,1.170658,2.377164
169,1.408333,0.104010,-0.044786,0.098525,-0.988670,2.095400,1.185133,2.405172,0.124282,-0.045982,-0.060371,-0.989341,2.482034,1.170586,2.377162
170,1.416667,0.104404,-0.045096,0.097721,-0.988695,2.095277,1.185119,2.405184,0.124296,-0.046101,-0.060944,-0.989298,2.481943,1.170513,2.377162
171,1.425000,0.104716,-0.045426,0.096873,-0.988730,2.095146,1.185111,2.405186,0.124241,-0.046191,-0.061644,-0.989258,2.481841,1.170442,2.377165
172,1.433333,0.105129,-0.045764,0.096072,-0.988748,2.095019,1.185086,2.405195,0.124146,-0.046251,-0.062371,-0.989221,2.481740,1.170375,2.377165
173,1.441667,0.105516,-0.046048,0.095497,-0.988750,2.094905,1.185035,2.405214,0.124023,-0.046286,-0.062973,-0.989197,2.481647,1.170312,2.377163
174,1.450000,0.105792,-0.046258,0.095265,-0.988733,2.094812,1.184956,2.405241,0.123929,-0.046296,-0.063300,-0.989187,2.481564,1.170254,2.377154
175,1.458333,0.105870,-0.046442,0.095361,-0.988707,2.094734,1.184853,2.405277,0.123862,-0.046288,-0.063340,-0.989193,2.481496,1.170203,2.377137
176,1.466667,0.105708,-0.046591,0.095711,-0.988683,2.094656,1.184736,2.405320,0.123846,-0.046252,-0.063139,-0.989210,2.481434,1.170156,2.377112
177,1.475000,0.105514,-0.046740,0.096120,-0.988657,2.094580,1.184597,2.405365,0.123895,-0.046223,-0.062840,-0.989224,2.481373,1.170113,2.377079
178,1.483333,0.105418,-0.046910,0.096419,-0.988630,2.094500,1.184440,2.405404,0.123965,-0.046212,-0.062604,-0.989231,2.481302,1.170075,2.377042
179,1.491667,0.105453,-0.047143,0.096492,-0.988608,2.094407,1.184270,2.405424,0.123997,-0.046234,-0.062536,-0.989230,2.481214,1.170044,2.377003
180,1.500000,0.105722,-0.047447,0.096281,-0.988586,2.094294,1.184083,2.405429,0.123966,-0.046289,-0.062682,-0.989222,2.481108,1.170024,2.376964
181,1.508333,0.106237,-0.047813,0.095846,-0.988555,2.094157,1.183876,2.405424,0.123840,-0.046362,-0.063014,-0.989214,2.480988,1.170020,2.376923
182,1.516667,0.106911,-0.048224,0.095261,-0.988519,2.094001,1.183654,2.405408,0.123631,-0.046439,-0.063437,-0.989209,2.480862,1.170032,2.376882
183,1.525000,0.107699,-0.048639,0.094609,-0.988476,2.093832,1.183416,2.405382,0.123367,-0.046486,-0.063881,-0.989211,2.480737,1.170060,2.376840
184,1.533333,0.108700,-0.049007,0.094012,-0.988405,2.093665,1.183150,2.405362,0.123091,-0.046501,-0.064260,-0.989220,2.480617,1.170101,2.376793
185,1.541667,0.109770,-0.049274,0.093680,-0.988305,2.093516,1.182861,2.405351,0.122839,-0.046513,-0.064505,-0.989235,2.480506,1.170152,2.376741
186,1.550000,0.110691,-0.049440,0.093694,-0.988193,2.093392,1.182562,2.405351,0.122630,-0.046536,-0.064541,-0.989258,2.480408,1.170210,2.376685
187,1.558333,0.111415,-0.049543,0.093978,-0.988079,2.093290,1.182265,2.405363,0.122526,-0.046570,-0.064370,-0.989280,2.480321,1.170276,2.376624
188,1.566667,0.111995,-0.049582,0.094416,-0.987970,2.093208,1.181980,2.405384,0.122514,-0.046591,-0.064008,-0.989304,2.480241,1.170338,2.376559
189,1.575000,0.112454,-0.049567,0.094925,-0.987870,2.093138,1.181715,2.405412,0.122558,-0.046638,-0.063570,-0.989325,2.480166,1.170402,2.376494
190,1.583333,0.112881,-0.049543,0.095416,-0.987775,2.093077,1.181477,2.405447,0.122617,-0.046703,-0.063154,-0.989341,2.480094,1.170469,2.376435
191,1.591667,0.113295,-0.049536,0.095804,-0.987690,2.093031,1.181271,2.405478,0.122662,-0.046762,-0.062814,-0.989354,2.480021,1.170535,2.376383
192,1.600000,0.113716,-0.049537,0.096017,-0.987621,2.092987,1.181104,2.405512,0.122614,-0.046824,-0.062629,-0.989369,2.479945,1.170608,2.376348
193,1.608333,0.114141,-0.049552,0.096033,-0.987570,2.092935,1.180983,2.405548,0.122582,-0.046932,-0.062660,-0.989366,2.479860,1.170678,2.376332
194,1.616667,0.114547,-0.049603,0.095836,-0.987539,2.092877,1.180910,2.405584,0.122464,-0.046967,-0.062802,-0.989370,2.479781,1.170757,2.376315
195,1.625000,0.114920,-0.049679,0.095482,-0.987526,2.092817,1.180883,2.405621,0.122367,-0.047018,-0.063091,-0.989361,2.479704,1.170831,2.376308
196,1.633333,0.115227,-0.049780,0.095076,-0.987525,2.092758,1.180894,2.405658,0.122209,-0.047021,-0.063432,-0.989359,2.479637,1.170907,2.376300
197,1.641667,0.115403,-0.049853,0.094741,-0.987533,2.092708,1.180938,2.405700,0.122036,-0.046993,-0.063756,-0.989360,2.479583,1.170980,2.376292
198,1.650000,0.115403,-0.049895,0.094576,-0.987546,2.092675,1.181005,2.405747,0.121903,-0.046966,-0.064016,-0.989361,2.479543,1.171047,2.376285
199,1.658333,0.115233,-0.049903,0.094601,-0.987563,2.092658,1.181093,2.405801,0.121842,-0.046939,-0.064126,-0.989363,2.479521,1.171103,2.376276
200,1.666667,0.114932,-0.049886,0.094778,-0.987583,2.092657,1.181198,2.405858,0.121851,-0.046912,-0.064045,-0.989369,2.479521,1.171149,2.376266
201,1.675000,0.114553,-0.049841,0.095042,-0.987603,2.092659,1.181320,2.405922,0.121902,-0.046893,-0.063836,-0.989377,2.479535,1.171183,2.376254
202,1.683333,0.114147,-0.049781,0.095316,-0.987627,2.092670,1.181458,2.405982,0.121996,-0.046882,-0.063573,-0.989383,2.479558,1.171204,2.376243
203,1.691667,0.113763,-0.049730,0.095554,-0.987651,2.092690,1.181608,2.406030,0.122110,-0.046889,-0.063348,-0.989383,2.479584,1.171214,2.376231
204,1.700000,0.113445,-0.049684,0.095703,-0.987675,2.092715,1.181769,2.406070,0.122223,-0.046913,-0.063247,-0.989374,2.479608,1.171215,2.376222
205,1.708333,0.113180,-0.049644,0.095754,-0.987703,2.092742,1.181934,2.406098,0.122323,-0.046951,-0.063294,-0.989357,2.479628,1.171207,2.376217
206,1.716667,0.112956,-0.049601,0.095720,-0.987734,2.092771,1.182104,2.406117,0.122395,-0.046993,-0.063455,-0.989336,2.479642,1.171194,2.376216
207,1.725000,0.112759,-0.049550,0.095680,-0.987763,2.092801,1.182275,2.406131,0.122444,-0.047044,-0.063690,-0.989312,2.479655,1.171179,2.376222
208,1.733333,0.112514,-0.049480,0.095718,-0.987791,2.092836,1.182442,2.406144,0.122453,-0.047092,-0.063936,-0.989293,2.479669,1.171165,2.376234
209,1.741667,0.112121,-0.049437,0.095892,-0.987821,2.092877,1.182611,2.406159,0.122452,-0.047135,-0.064130,-0.989278,2.479685,1.171151,2.376247
210,1.750000,0.111641,-0.049387,0.096190,-0.987849,2.092930,1.182779,2.406173,0.122459,-0.047185,-0.064251,-0.989267,2.479702,1.171137,2.376264
211,1.758333,0.111122,-0.049315,0.096589,-0.987872,2.092991,1.182943,2.406188,0.122485,-0.047249,-0.064289,-0.989258,2.479718,1.171123,2.376282
212,1.766667,0.110551,-0.049227,0.097048,-0.987895,2.093061,1.183108,2.406201,0.122542,-0.047328,-0.064277,-0.989248,2.479733,1.171107,2.376301
213,1.775000,0.109996,-0.049151,0.097464,-0.987920,2.093134,1.183275,2.406213,0.122644,-0.047423,-0.064257,-0.989232,2.479743,1.171090,2.376318
214,1.783333,0.109353,-0.049111,0.097806,-0.987960,2.093207,1.183453,2.406216,0.122803,-0.047533,-0.064279,-0.989206,2.479746,1.171068,2.376336
215,1.791667,0.108751,-0.049092,0.098025,-0.988005,2.093272,1.183637,2.406212,0.122994,-0.047634,-0.064370,-0.989171,2.479744,1.171044,2.376354
216,1.800000,0.108394,-0.049080,0.098087,-0.988039,2.093329,1.183819,2.406210,0.123260,-0.047759,-0.064571,-0.989119,2.479734,1.171013,2.376382
217,1.808333,0.108227,-0.049073,0.097942,-0.988072,2.093381,1.184001,2.406206,0.123429,-0.047827,-0.064824,-0.989078,2.479723,1.170991,2.376407
218,1.816667,0.108284,-0.049094,0.097592,-0.988099,2.093427,1.184181,2.406203,0.123526,-0.047906,-0.065213,-0.989037,2.479711,1.170970,2.376438
219,1.825000,0.108373,-0.049143,0.097215,-0.988124,2.093463,1.184362,2.406203,0.123597,-0.047985,-0.065697,-0.988992,2.479698,1.170953,2.376476
220,1.833333,0.108380,-0.049179,0.096919,-0.988151,2.093499,1.184545,2.406206,0.123527,-0.047971,-0.066140,-0.988972,2.479695,1.170950,2.376508
221,1.841667,0.108285,-0.049217,0.096681,-0.988183,2.093540,1.184725,2.406208,0.123416,-0.047967,-0.066555,-0.988958,2.479696,1.170952,2.376546
222,1.850000,0.108103,-0.049246,0.096545,-0.988214,2.093584,1.184896,2.406217,0.123283,-0.047945,-0.066864,-0.988955,2.479710,1.170961,2.376591
223,1.858333,0.107868,-0.049255,0.096519,-0.988242,2.093627,1.185058,2.406236,0.123049,-0.047856,-0.067021,-0.988978,2.479736,1.170982,2.376636
224,1.866667,0.107610,-0.049246,0.096524,-0.988270,2.093665,1.185214,2.406261,0.122739,-0.047707,-0.067048,-0.989022,2.479775,1.171016,2.376678
225,1.875000,0.107342,-0.049230,0.096530,-0.988300,2.093692,1.185363,2.406291,0.122397,-0.047512,-0.066994,-0.989077,2.479820,1.171062,2.376720
226,1.883333,0.107102,-0.049229,0.096495,-0.988329,2.093705,1.185508,2.406322,0.121954,-0.047238,-0.066885,-0.989152,2.479869,1.171120,2.376753
227,1.891667,0.106937,-0.049251,0.096324,-0.988363,2.093699,1.185646,2.406352,0.121544,-0.046990,-0.066853,-0.989217,2.479906,1.171177,2.376790
228,1.900000,0.106934,-0.049319,0.095913,-0.988400,2.093670,1.185779,2.406375,0.121145,-0.046735,-0.066891,-0.989275,2.479932,1.171234,2.376823
229,1.908333,0.107086,-0.049461,0.095232,-0.988442,2.093616,1.185914,2.406389,0.120818,-0.046542,-0.067100,-0.989310,2.479939,1.171284,2.376856
230,1.916667,0.107361,-0.049671,0.094313,-0.988490,2.093536,1.186048,2.406395,0.120535,-0.046409,-0.067517,-0.989323,2.479927,1.171326,2.376890
231,1.925000,0.107774,-0.049968,0.093146,-0.988540,2.093428,1.186181,2.406391,0.120198,-0.046242,-0.068007,-0.989338,2.479905,1.171371,2.376910
232,1.933333,0.108337,-0.050360,0.091683,-0.988596,2.093292,1.186318,2.406377,0.119823,-0.046038,-0.068474,-0.989361,2.479868,1.171406,2.376920
233,1.941667,0.108813,-0.050858,0.090034,-0.988669,2.093120,1.186474,2.406348,0.119568,-0.045897,-0.068929,-0.989366,2.479816,1.171423,2.376932
234,1.950000,0.109308,-0.051444,0.088227,-0.988747,2.092923,1.186635,2.406311,0.119400,-0.045788,-0.069327,-0.989364,2.479758,1.171430,2.376945
235,1.958333,0.109963,-0.052182,0.086281,-0.988808,2.092691,1.186787,2.406266,0.119252,-0.045646,-0.069620,-0.989368,2.479698,1.171432,2.376953
236,1.966667,0.110685,-0.052948,0.084175,-0.988868,2.092461,1.186934,2.406214,0.119152,-0.045442,-0.069822,-0.989375,2.479643,1.171435,2.376953
237,1.975000,0.111429,-0.053707,0.081963,-0.988929,2.092242,1.187077,2.406168,0.119133,-0.045241,-0.069973,-0.989376,2.479569,1.171416,2.376956
238,1.983333,0.112196,-0.054497,0.079746,-0.988981,2.092026,1.187212,2.406134,0.119231,-0.045083,-0.070121,-0.989361,2.479466,1.171371,2.376964
239,1.991667,0.113002,-0.055286,0.077599,-0.989016,2.091823,1.187335,2.406115,0.119494,-0.044966,-0.070286,-0.989323,2.479335,1.171311,2.376968
240,2.000000,0.113816,-0.056049,0.075590,-0.989035,2.091639,1.187443,2.406112,0.119944,-0.044889,-0.070445,-0.989260,2.479168,1.171234,2.376969
241,2.008333,0.114678,-0.056800,0.073701,-0.989035,2.091474,1.187534,2.406121,0.120555,-0.044846,-0.070577,-0.989179,2.478967,1.171155,2.376967
242,2.016667,0.115662,-0.057567,0.071783,-0.989018,2.091326,1.187613,2.406133,0.121282,-0.044863,-0.070684,-0.989081,2.478719,1.171066,2.376972
243,2.025000,0.116799,-0.058408,0.069686,-0.988985,2.091197,1.187681,2.406145,0.122081,-0.044952,-0.070767,-0.988973,2.478415,1.170962,2.376997
244,2.033333,0.118124,-0.059340,0.067300,-0.988937,2.091085,1.187738,2.406147,0.122884,-0.045103,-0.070828,-0.988862,2.478055,1.170848,2.377046
245,2.041667,0.119570,-0.060313,0.064650,-0.988881,2.090990,1.187780,2.406137,0.123625,-0.045317,-0.070879,-0.988757,2.477641,1.170729,2.377123
246,2.050000,0.120996,-0.061268,0.061945,-0.988822,2.090922,1.187797,2.406124,0.124234,-0.045585,-0.070910,-0.988666,2.477172,1.170604,2.377235
247,2.058333,0.122235,-0.062141,0.059451,-0.988768,2.090914,1.187781,2.406120,0.124731,-0.045894,-0.070884,-0.988591,2.476655,1.170465,2.377379
248,2.066667,0.123243,-0.062852,0.057238,-0.988729,2.090997,1.187732,2.406139,0.125240,-0.046375,-0.070736,-0.988515,2.476082,1.170299,2.377569
249,2.075000,0.124036,-0.063395,0.055194,-0.988711,2.091186,1.187661,2.406188,0.125731,-0.046948,-0.070347,-0.988453,2.475459,1.170109,2.377790
250,2.083333,0.124677,-0.063748,0.053282,-0.988713,2.091496,1.187570,2.406272,0.126158,-0.047554,-0.069707,-0.988415,2.474783,1.169901,2.378027
251,2.091667,0.125308,-0.063848,0.051506,-0.988721,2.091953,1.187451,2.406388,0.126595,-0.048253,-0.068933,-0.988379,2.474041,1.169664,2.378289
252,2.100000,0.125962,-0.063630,0.049784,-0.988740,2.092565,1.187304,2.406533,0.127137,-0.049091,-0.068162,-0.988322,2.473222,1.169390,2.378582
253,2.108333,0.126522,-0.063128,0.048136,-0.988782,2.093331,1.187135,2.406714,0.127732,-0.050106,-0.067485,-0.988241,2.472314,1.169082,2.378917
254,2.116667,0.127333,-0.062324,0.046553,-0.988805,2.094264,1.186926,2.406955,0.128477,-0.051236,-0.066982,-0.988120,2.471309,1.168731,2.379286
255,2.125000,0.128200,-0.061290,0.045024,-0.988828,2.095324,1.186696,2.407234,0.129372,-0.052442,-0.066627,-0.987964,2.470214,1.168346,2.379683
256,2.133333,0.128870,-0.060066,0.043595,-0.988880,2.096499,1.186463,2.407525,0.130392,-0.053816,-0.066280,-0.987780,2.469037,1.167938,2.380107
257,2.141667,0.129694,-0.058623,0.042380,-0.988912,2.097794,1.186192,2.407849,0.131465,-0.055296,-0.065933,-0.987579,2.467776,1.167510,2.380556
258,2.150000,0.130489,-0.057030,0.041429,-0.988941,2.099208,1.185876,2.408206,0.132431,-0.056893,-0.065659,-0.987377,2.466444,1.167069,2.381044
259,2.158333,0.130844,-0.055436,0.040750,-0.989013,2.100716,1.185539,2.408572,0.133202,-0.058591,-0.065355,-0.987195,2.465057,1.166636,2.381567
260,2.166667,0.130791,-0.053999,0.040314,-0.989117,2.102299,1.185151,2.408949,0.133775,-0.060297,-0.064961,-0.987040,2.463613,1.166205,2.382111
261,2.175000,0.130709,-0.052612,0.040103,-0.989211,2.103955,1.184717,2.409328,0.134194,-0.062012,-0.064505,-0.986907,2.462128,1.165780,2.382672
262,2.183333,0.130981,-0.051274,0.039852,-0.989256,2.105666,1.184256,2.409710,0.134491,-0.063696,-0.063978,-0.986794,2.460614,1.165373,2.383261
263,2.191667,0.131174,-0.050154,0.039220,-0.989313,2.107400,1.183762,2.410086,0.134719,-0.065394,-0.063439,-0.986686,2.459055,1.164981,2.383878
264,2.200000,0.131133,-0.049052,0.038559,-0.989400,2.109160,1.183245,2.410431,0.134971,-0.067061,-0.062958,-0.986571,2.457466,1.164597,2.384501
265,2.208333,0.131458,-0.047987,0.037613,-0.989445,2.110933,1.182716,2.410759,0.135365,-0.068709,-0.062492,-0.986433,2.455834,1.164207,2.385131
266,2.216667,0.132067,-0.046985,0.036244,-0.989463,2.112725,1.182180,2.411065,0.135783,-0.070438,-0.062045,-0.986282,2.454154,1.163824,2.385773
267,2.225000,0.132720,-0.045939,0.034712,-0.989480,2.114553,1.181625,2.411350,0.136295,-0.072242,-0.061619,-0.986107,2.452420,1.163452,2.386424
268,2.233333,0.133439,-0.044850,0.033039,-0.989490,2.116434,1.181034,2.411648,0.136923,-0.074183,-0.061247,-0.985900,2.450619,1.163081,2.387099
269,2.241667,0.134095,-0.043643,0.031644,-0.989501,2.118385,1.180440,2.411950,0.137522,-0.076165,-0.060908,-0.985686,2.448761,1.162722,2.387783
270,2.250000,0.134713,-0.042387,0.030691,-0.989502,2.120400,1.179850,2.412253,0.138199,-0.078227,-0.060530,-0.985453,2.446848,1.162375,2.388484
271,2.258333,0.135187,-0.041085,0.030064,-0.989511,2.122485,1.179247,2.412564,0.138776,-0.080397,-0.060115,-0.985223,2.444896,1.162038,2.389193
272,2.266667,0.135715,-0.039687,0.029511,-0.989513,2.124627,1.178637,2.412894,0.139183,-0.082586,-0.059701,-0.985009,2.442896,1.161709,2.389911
273,2.275000,0.136154,-0.038295,0.028900,-0.989525,2.126799,1.178040,2.413228,0.139666,-0.084846,-0.059285,-0.984774,2.440857,1.161381,2.390649
274,2.283333,0.136442,-0.036941,0.028141,-0.989559,2.128991,1.177469,2.413557,0.140059,-0.087166,-0.058840,-0.984542,2.438788,1.161069,2.391395
275,2.291667,0.136754,-0.035496,0.027268,-0.989593,2.131191,1.176917,2.413891,0.140383,-0.089545,-0.058345,-0.984312,2.436690,1.160778,2.392145
276,2.300000,0.137528,-0.033910,0.026155,-0.989572,2.133395,1.176371,2.414245,0.140799,-0.092015,-0.057780,-0.984058,2.434586,1.160503,2.392899
277,2.308333,0.138427,-0.032377,0.024818,-0.989532,2.135564,1.175856,2.414587,0.141429,-0.094578,-0.057137,-0.983762,2.432483,1.160232,2.393653
278,2.316667,0.139287,-0.030898,0.023492,-0.989491,2.137681,1.175364,2.414918,0.142239,-0.097156,-0.056396,-0.983437,2.430405,1.159974,2.394399
279,2.325000,0.140170,-0.029442,0.022238,-0.989440,2.139731,1.174901,2.415240,0.143128,-0.099713,-0.055533,-0.983101,2.428349,1.159734,2.395145
280,2.333333,0.140904,-0.028045,0.021149,-0.989400,2.141696,1.174477,2.415546,0.144166,-0.102278,-0.054589,-0.982739,2.426319,1.159506,2.395895
281,2.341667,0.141499,-0.026727,0.020237,-0.989371,2.143556,1.174082,2.415839,0.145307,-0.104818,-0.053633,-0.982356,2.424344,1.159295,2.396636
282,2.350000,0.142222,-0.025550,0.019301,-0.989317,2.145292,1.173715,2.416113,0.146569,-0.107273,-0.052637,-0.981957,2.422442,1.159098,2.397357
283,2.358333,0.143098,-0.024552,0.018246,-0.989236,2.146890,1.173377,2.416367,0.147983,-0.109574,-0.051617,-0.981545,2.420621,1.158917,2.398061
284,2.366667,0.144007,-0.023804,0.016966,-0.989145,2.148335,1.173074,2.416599,0.149477,-0.111712,-0.050518,-0.981135,2.418898,1.158747,2.398732
285,2.375000,0.144873,-0.023256,0.015513,-0.989055,2.149639,1.172798,2.416792,0.151037,-0.113694,-0.049267,-0.980732,2.417305,1.158585,2.399342
286,2.383333,0.145771,-0.022870,0.013972,-0.988955,2.150800,1.172547,2.416937,0.152764,-0.115488,-0.047892,-0.980323,2.415862,1.158424,2.399888
287,2.391667,0.146847,-0.022642,0.012282,-0.988824,2.151816,1.172317,2.417036,0.154736,-0.116999,-0.046384,-0.979906,2.414580,1.158262,2.400356
288,2.400000,0.148076,-0.022481,0.010593,-0.988664,2.152714,1.172096,2.417091,0.156982,-0.118174,-0.044769,-0.979483,2.413475,1.158098,2.400722
289,2.408333,0.149465,-0.022377,0.009108,-0.988472,2.153515,1.171872,2.417103,0.159551,-0.119026,-0.043105,-0.979039,2.412547,1.157917,2.400975
290,2.416667,0.150989,-0.022329,0.007897,-0.988252,2.154237,1.171638,2.417071,0.162442,-0.119547,-0.041553,-0.978567,2.411801,1.157719,2.401093
291,2.425000,0.152595,-0.022308,0.007001,-0.988012,2.154886,1.171395,2.416986,0.165598,-0.119788,-0.040309,-0.978061,2.411241,1.157510,2.401059
292,2.433333,0.154237,-0.022330,0.006399,-0.987761,2.155457,1.171145,2.416832,0.169101,-0.119700,-0.039404,-0.977509,2.410844,1.157277,2.400873
293,2.441667,0.156063,-0.022450,0.005948,-0.987474,2.155960,1.170877,2.416605,0.172792,-0.119294,-0.038877,-0.976934,2.410601,1.157035,2.400513
294,2.450000,0.158198,-0.022703,0.005479,-0.987131,2.156399,1.170600,2.416288,0.176488,-0.118653,-0.038711,-0.976358,2.410504,1.156803,2.399971
295,2.458333,0.160684,-0.023099,0.004795,-0.986724,2.156759,1.170334,2.415855,0.180277,-0.117753,-0.038734,-0.975774,2.410527,1.156569,2.399250
296,2.466667,0.162924,-0.023696,0.003969,-0.986346,2.157029,1.170108,2.415266,0.184238,-0.116685,-0.038871,-0.975156,2.410653,1.156337,2.398326
297,2.475000,0.165093,-0.024501,0.002957,-0.985969,2.157229,1.169910,2.414518,0.188391,-0.115418,-0.038991,-0.974509,2.410882,1.156113,2.397190
298,2.483333,0.167608,-0.025415,0.001733,-0.985525,2.157395,1.169720,2.413632,0.192588,-0.114005,-0.039034,-0.973853,2.411184,1.155910,2.395847
299,2.491667,0.169950,-0.026336,0.000754,-0.985101,2.157567,1.169552,2.412594,0.196774,-0.112576,-0.038987,-0.973184,2.411540,1.155741,2.394284
300,2.500000,0.172197,-0.027216,0.000380,-0.984686,2.157795,1.169387,2.411403,0.201021,-0.111149,-0.038729,-0.972490,2.411947,1.155615,2.392501
301,2.508333,0.174480,-0.027976,0.000959,-0.984263,2.158118,1.169222,2.410052,0.205374,-0.109718,-0.038171,-0.971765,2.412392,1.155555,2.390499
302,2.516667,0.176496,-0.028529,0.002602,-0.983884,2.158547,1.169089,2.408519,0.210021,-0.108226,-0.037198,-0.970976,2.412887,1.155575,2.388253
303,2.525000,0.178472,-0.028881,0.004854,-0.983509,2.159080,1.168994,2.406775,0.214762,-0.106690,-0.035600,-0.970169,2.413429,1.155681,2.385745
304,2.533333,0.180505,-0.029205,0.007126,-0.983115,2.159692,1.168948,2.404792,0.219487,-0.105099,-0.033318,-0.969366,2.414002,1.155883,2.382948
305,2.541667,0.182331,-0.029636,0.009270,-0.982747,2.160348,1.168996,2.402521,0.224434,-0.103505,-0.030389,-0.968500,2.414584,1.156186,2.379852
306,2.550000,0.184295,-0.030072,0.011344,-0.982345,2.161012,1.169171,2.399905,0.229607,-0.101963,-0.027003,-0.967551,2.415157,1.156588,2.376431
307,2.558333,0.186623,-0.030593,0.012765,-0.981872,2.161653,1.169465,2.396917,0.234770,-0.100407,-0.023276,-0.966571,2.415706,1.157084,2.372619
308,2.566667,0.189344,-0.031258,0.013255,-0.981324,2.162247,1.169892,2.393500,0.240169,-0.098883,-0.019057,-0.965494,2.416221,1.157671,2.368413
309,2.575000,0.192565,-0.032082,0.013174,-0.980671,2.162776,1.170447,2.389606,0.246175,-0.097520,-0.014453,-0.964199,2.416699,1.158360,2.363812
310,2.583333,0.196288,-0.033157,0.012801,-0.979902,2.163261,1.171105,2.385209,0.252602,-0.096330,-0.009686,-0.962714,2.417128,1.159138,2.358772
311,2.591667,0.200071,-0.034402,0.012797,-0.979094,2.163736,1.171874,2.380259,0.259055,-0.095242,-0.005038,-0.961142,2.417499,1.160000,2.353254
312,2.600000,0.203829,-0.035643,0.013987,-0.978257,2.164217,1.172758,2.374724,0.265997,-0.094232,-0.000464,-0.959357,2.417802,1.160948,2.347281
313,2.608333,0.207788,-0.037018,0.015990,-0.977342,2.164717,1.173744,2.368619,0.273543,-0.093385,0.003959,-0.957308,2.418071,1.162017,2.340825
314,2.616667,0.211638,-0.038658,0.018267,-0.976413,2.165243,1.174852,2.361926,0.280982,-0.092624,0.008231,-0.955197,2.418349,1.163229,2.333790
315,2.625000,0.215354,-0.040309,0.020918,-0.975479,2.165782,1.176148,2.354594,0.288799,-0.091768,0.012714,-0.952897,2.418640,1.164539,2.326173
316,2.633333,0.219568,-0.041843,0.023375,-0.974419,2.166306,1.177671,2.346634,0.297324,-0.090698,0.017338,-0.950301,2.418978,1.165965,2.317976
317,2.641667,0.224821,-0.043241,0.024862,-0.973123,2.166785,1.179475,2.338056,0.306442,-0.089306,0.021864,-0.947438,2.419387,1.167548,2.309212
318,2.650000,0.230962,-0.044729,0.024595,-0.971623,2.167152,1.181641,2.328843,0.315940,-0.087496,0.026112,-0.944375,2.419876,1.169350,2.299884
319,2.658333,0.238345,-0.046499,0.021971,-0.969818,2.167380,1.184219,2.319026,0.325916,-0.085268,0.030180,-0.941062,2.420475,1.171451,2.290020
320,2.666667,0.246637,-0.048466,0.017546,-0.967736,2.167495,1.187266,2.308679,0.336579,-0.082797,0.034124,-0.937387,2.421207,1.173904,2.279665
321,2.675000,0.254894,-0.050467,0.013183,-0.965561,2.167593,1.190849,2.297908,0.347580,-0.080003,0.038452,-0.933440,2.422092,1.176776,2.268835
322,2.683333,0.262508,-0.052195,0.011271,-0.963451,2.167780,1.194977,2.286824,0.358597,-0.076782,0.043643,-0.929305,2.423163,1.180143,2.257579
323,2.691667,0.268696,-0.053512,0.013086,-0.961649,2.168076,1.199684,2.275519,0.369147,-0.073127,0.050080,-0.925135,2.424440,1.184121,2.245988
324,2.700000,0.273632,-0.054799,0.018165,-0.960101,2.168449,1.205051,2.264060,0.378902,-0.068886,0.057950,-0.921048,2.425969,1.188819,2.234146
325,2.708333,0.277404,-0.056344,0.025638,-0.958757,2.168785,1.211196,2.252455,0.388078,-0.063917,0.066991,-0.916964,2.427775,1.194291,2.222158
326,2.716667,0.279833,-0.058392,0.034191,-0.957661,2.168933,1.218242,2.240710,0.396433,-0.058004,0.077176,-0.912973,2.429870,1.200669,2.210103
327,2.725000,0.281246,-0.061245,0.042072,-0.956755,2.168804,1.226330,2.228833,0.404085,-0.050989,0.087976,-0.909052,2.432314,1.208090,2.198088
328,2.733333,0.282169,-0.065123,0.047880,-0.955954,2.168309,1.235566,2.216871,0.410870,-0.042927,0.098653,-0.905324,2.435097,1.216712,2.186224
329,2.741667,0.282951,-0.070156,0.050722,-0.955219,2.167353,1.246061,2.204899,0.416357,-0.034076,0.107957,-0.902126,2.438162,1.226762,2.174584
330,2.750000,0.283665,-0.076342,0.050308,-0.954555,2.165927,1.257911,2.193009,0.419934,-0.024799,0.114539,-0.899956,2.441407,1.238510,2.163197
331,2.758333,0.284230,-0.083496,0.047479,-0.953933,2.164123,1.271168,2.181315,0.420739,-0.015647,0.117508,-0.899403,2.444654,1.252203,2.152084
332,2.766667,0.283762,-0.090875,0.044535,-0.953540,2.162087,1.285901,2.169902,0.417835,-0.007138,0.116750,-0.900962,2.447683,1.268027,2.141253
333,2.775000,0.281173,-0.097820,0.043553,-0.953665,2.159993,1.302118,2.158898,0.410056,0.000627,0.113018,-0.905031,2.450247,1.286086,2.130733
334,2.783333,0.276284,-0.104060,0.044932,-0.954369,2.158010,1.319853,2.148392,0.397096,0.007218,0.107658,-0.911412,2.452168,1.306399,2.120579
335,2.791667,0.268910,-0.109396,0.048895,-0.955683,2.156255,1.339175,2.138435,0.379230,0.011793,0.102196,-0.919566,2.453367,1.328864,2.110899
336,2.800000,0.257994,-0.114011,0.054993,-0.957819,2.154788,1.360141,2.129073,0.356669,0.014283,0.098266,-0.928939,2.453846,1.353265,2.101836
337,2.808333,0.243573,-0.117929,0.061451,-0.960723,2.153610,1.382764,2.120395,0.330235,0.014783,0.096893,-0.938796,2.453703,1.379301,2.093557
338,2.816667,0.225574,-0.121015,0.066921,-0.964362,2.152704,1.406960,2.112519,0.301537,0.013124,0.098268,-0.948286,2.453114,1.406665,2.086194
339,2.825000,0.202860,-0.123247,0.070945,-0.968827,2.152025,1.432636,2.105530,0.271986,0.009704,0.101475,-0.956887,2.452250,1.435045,2.079855
340,2.833333,0.177245,-0.125003,0.072397,-0.973508,2.151552,1.459610,2.099531,0.242536,0.005213,0.104865,-0.964444,2.451270,1.464134,2.074636
341,2.841667,0.149990,-0.126253,0.071252,-0.978001,2.151201,1.487629,2.094628,0.213641,0.000334,0.106920,-0.971044,2.450275,1.493676,2.070587
342,2.850000,0.121329,-0.127024,0.068500,-0.982065,2.150890,1.516393,2.090912,0.185283,-0.004360,0.106749,-0.976860,2.449334,1.523436,2.067744
343,2.858333,0.091524,-0.127204,0.065210,-0.985490,2.150600,1.545599,2.088469,0.157190,-0.008449,0.104108,-0.982029,2.448513,1.553222,2.066147
344,2.866667,0.061235,-0.126718,0.062141,-0.988095,2.150333,1.574939,2.087369,0.129040,-0.011639,0.099511,-0.986565,2.447880,1.582846,2.065823
345,2.875000,0.030983,-0.125968,0.059774,-0.989747,2.150030,1.604123,2.087643,0.100452,-0.013849,0.094147,-0.990381,2.447510,1.612159,2.066762
346,2.883333,0.000541,-0.125233,0.058217,-0.990418,2.149657,1.632937,2.089317,0.071137,-0.015487,0.089281,-0.993342,2.447462,1.641043,2.068959
347,2.891667,-0.029938,-0.124605,0.057081,-0.990111,2.149191,1.661191,2.092407,0.040795,-0.016938,0.086159,-0.995302,2.447777,1.669370,2.072424
348,2.900000,-0.060109,-0.123977,0.055646,-0.988898,2.148619,1.688695,2.096927,0.009275,-0.018342,0.085906,-0.996091,2.448485,1.697007,2.077177
349,2.908333,-0.090400,-0.123234,0.053669,-0.986793,2.147940,1.715362,2.102823,-0.023201,-0.019866,0.089439,-0.995524,2.449584,1.723819,2.083221
350,2.916667,-0.120832,-0.122285,0.050787,-0.983802,2.147158,1.741082,2.110060,-0.056230,-0.022049,0.097171,-0.993433,2.451047,1.749675,2.090532
351,2.925000,-0.151369,-0.120868,0.046934,-0.979936,2.146310,1.765708,2.118643,-0.089417,-0.025588,0.108920,-0.989690,2.452779,1.774456,2.099054
352,2.933333,-0.182203,-0.118980,0.042643,-0.975104,2.145450,1.789143,2.128533,-0.122262,-0.030900,0.123808,-0.984260,2.454648,1.798034,2.108751
353,2.941667,-0.213310,-0.116815,0.038138,-0.969226,2.144645,1.811255,2.139673,-0.154438,-0.038075,0.140899,-0.977162,2.456552,1.820296,2.119582
354,2.950000,-0.244747,-0.114069,0.033543,-0.962269,2.143931,1.831934,2.151978,-0.185802,-0.047168,0.159216,-0.968454,2.458383,1.841165,2.131481
355,2.958333,-0.276371,-0.110309,0.029527,-0.954243,2.143318,1.851125,2.165383,-0.216135,-0.058130,0.177528,-0.958327,2.460041,1.860567,2.144408
356,2.966667,-0.307989,-0.105695,0.026494,-0.945129,2.142851,1.868742,2.179776,-0.245488,-0.070494,0.194316,-0.947105,2.461403,1.878468,2.158315
357,2.975000,-0.339572,-0.100281,0.025082,-0.934883,2.142564,1.884706,2.195027,-0.274059,-0.083745,0.207953,-0.935219,2.462344,1.894854,2.173131
358,2.983333,-0.371191,-0.094368,0.025586,-0.923395,2.142456,1.898923,2.211040,-0.301976,-0.097333,0.217061,-0.923158,2.462810,1.909706,2.188817
359,2.991667,-0.402931,-0.087887,0.028038,-0.910569,2.142517,1.911330,2.227673,-0.329670,-0.110558,0.221004,-0.911181,2.462793,1.922995,2.205336
360,3.000000,-0.435095,-0.080886,0.032316,-0.896161,2.142701,1.921878,2.244752,-0.357062,-0.123088,0.219891,-0.899447,2.462326,1.934624,2.222629
361,3.008333,-0.468012,-0.073690,0.037882,-0.879829,2.142932,1.930509,2.262018,-0.384782,-0.134074,0.214236,-0.887733,2.461464,1.944492,2.240553
362,3.016667,-0.501260,-0.066545,0.043479,-0.861638,2.143116,1.937199,2.279234,-0.413663,-0.143195,0.204921,-0.875434,2.460287,1.952520,2.258906
363,3.025000,-0.534444,-0.060063,0.048061,-0.841696,2.143190,1.942004,2.296156,-0.443571,-0.150741,0.193214,-0.862085,2.458902,1.958647,2.277424
364,3.033333,-0.567424,-0.054372,0.051005,-0.820044,2.143141,1.945044,2.312509,-0.474061,-0.156866,0.180175,-0.847465,2.457412,1.962861,2.295785
365,3.041667,-0.599481,-0.049532,0.052131,-0.797152,2.142937,1.946424,2.328068,-0.504311,-0.161782,0.166774,-0.831675,2.455923,1.965215,2.313665
366,3.050000,-0.629817,-0.045599,0.052039,-0.773656,2.142592,1.946231,2.342715,-0.533414,-0.166072,0.153865,-0.814994,2.454510,1.965807,2.330820
367,3.058333,-0.658108,-0.041939,0.051446,-0.749992,2.142127,1.944562,2.356340,-0.560518,-0.170511,0.141846,-0.797888,2.453230,1.964775,2.347039
368,3.066667,-0.684336,-0.038260,0.051276,-0.726355,2.141570,1.941502,2.368862,-0.584930,-0.175856,0.131096,-0.780862,2.452140,1.962278,2.362200
369,3.075000,-0.708430,-0.034340,0.052135,-0.703015,2.140959,1.937129,2.380239,-0.606436,-0.182321,0.121589,-0.764336,2.451278,1.958459,2.376214
370,3.083333,-0.730584,-0.030125,0.054409,-0.679985,2.140319,1.931552,2.390451,-0.625041,-0.189489,0.113528,-0.748685,2.450663,1.953480,2.389035
371,3.091667,-0.750735,-0.025358,0.058077,-0.657557,2.139661,1.924907,2.399482,-0.641521,-0.196426,0.106828,-0.733795,2.450287,1.947524,2.400617
372,3.100000,-0.768920,-0.020549,0.062759,-0.635925,2.138993,1.917285,2.407329,-0.656227,-0.203015,0.101296,-0.719646,2.450130,1.940642,2.410980
373,3.108333,-0.785561,-0.016173,0.067921,-0.614832,2.138308,1.908816,2.414011,-0.669562,-0.209321,0.096810,-0.706045,2.450170,1.932913,2.420159
374,3.116667,-0.800942,-0.012396,0.073044,-0.594141,2.137598,1.899606,2.419557,-0.682443,-0.215399,0.093254,-0.692227,2.450381,1.924409,2.428193
375,3.125000,-0.814885,-0.008887,0.077551,-0.574342,2.136847,1.889726,2.424055,-0.694852,-0.221496,0.090426,-0.678192,2.450733,1.915154,2.435141
376,3.133333,-0.827421,-0.005349,0.081333,-0.555635,2.136056,1.879269,2.427585,-0.706648,-0.227593,0.088047,-0.664152,2.451186,1.905166,2.441034
377,3.141667,-0.838445,-0.001411,0.084619,-0.538375,2.135226,1.868301,2.430235,-0.718350,-0.232677,0.085573,-0.650009,2.451672,1.894569,2.445864
378,3.150000,-0.847665,0.003144,0.087636,-0.523235,2.134352,1.856857,2.432046,-0.729783,-0.236702,0.082810,-0.636028,2.452176,1.883419,2.449677
379,3.158333,-0.855094,0.008071,0.090696,-0.510415,2.133453,1.844981,2.433095,-0.740647,-0.239533,0.079566,-0.622684,2.452606,1.871741,2.452503
380,3.166667,-0.860843,0.013152,0.094001,-0.499940,2.132542,1.832703,2.433494,-0.750821,-0.241148,0.075806,-0.610221,2.452930,1.859592,2.454344
381,3.175000,-0.865010,0.018512,0.097488,-0.491844,2.131614,1.820057,2.433329,-0.760127,-0.241732,0.071667,-0.598863,2.453138,1.847011,2.455208
382,3.183333,-0.867809,0.024240,0.100868,-0.485948,2.130623,1.807006,2.432673,-0.768357,-0.241673,0.067200,-0.588818,2.453223,1.834029,2.455139
383,3.191667,-0.869828,0.030393,0.104025,-0.481304,2.129558,1.793459,2.431595,-0.775408,-0.241613,0.062746,-0.580024,2.453217,1.820666,2.454185
384,3.200000,-0.871524,0.037137,0.107003,-0.477092,2.128373,1.779368,2.430196,-0.781249,-0.242271,0.058812,-0.572273,2.453180,1.806930,2.452383
385,3.208333,-0.873246,0.044461,0.109109,-0.472821,2.127032,1.764687,2.428581,-0.785824,-0.244462,0.055873,-0.565330,2.453177,1.792802,2.449775
386,3.216667,-0.874724,0.052274,0.109683,-0.469143,2.125529,1.749454,2.426856,-0.789110,-0.248764,0.054299,-0.558994,2.453269,1.778281,2.446419
387,3.225000,-0.875464,0.060577,0.108237,-0.467095,2.123881,1.733801,2.425138,-0.790911,-0.255390,0.054033,-0.553459,2.453505,1.763386,2.442391
388,3.233333,-0.875109,0.068882,0.104825,-0.467388,2.122182,1.717851,2.423536,-0.791140,-0.264011,0.054849,-0.548988,2.453878,1.748119,2.437771
389,3.241667,-0.873638,0.076717,0.100201,-0.469926,2.120566,1.701693,2.422162,-0.789687,-0.274003,0.056556,-0.546003,2.454358,1.732494,2.432642
390,3.250000,-0.870825,0.083520,0.095179,-0.475005,2.119105,1.685427,2.421067,-0.786673,-0.284263,0.058771,-0.544872,2.454905,1.716555,2.427108
391,3.258333,-0.865737,0.089251,0.089733,-0.484233,2.117787,1.669101,2.420153,-0.782297,-0.293681,0.061116,-0.545919,2.455459,1.700293,2.421319
392,3.266667,-0.858317,0.094415,0.083417,-0.497413,2.116601,1.652645,2.419427,-0.776722,-0.301098,0.062746,-0.549641,2.455977,1.683727,2.415398
393,3.275000,-0.849739,0.098994,0.076497,-0.512145,2.115560,1.635958,2.418996,-0.770269,-0.305668,0.062757,-0.556160,2.456425,1.666848,2.409502
394,3.283333,-0.840553,0.102827,0.069614,-0.527306,2.114610,1.618962,2.418868,-0.763141,-0.307168,0.061083,-0.565272,2.456809,1.649615,2.403732
395,3.291667,-0.830869,0.105790,0.063479,-0.542619,2.113734,1.601621,2.419047,-0.754711,-0.306705,0.058717,-0.576971,2.457248,1.632035,2.398149
396,3.300000,-0.820874,0.107659,0.058556,-0.557805,2.112929,1.583918,2.419514,-0.744970,-0.305651,0.056816,-0.590228,2.457849,1.614065,2.392856
397,3.308333,-0.810186,0.108389,0.054966,-0.573437,2.112168,1.565900,2.420238,-0.733096,-0.304673,0.055377,-0.605540,2.458597,1.595675,2.387810
398,3.316667,-0.798450,0.108351,0.051979,-0.589946,2.111405,1.547710,2.421277,-0.719439,-0.303903,0.056512,-0.621978,2.459580,1.576941,2.383210
399,3.325000,-0.786263,0.107942,0.048030,-0.606492,2.110593,1.529400,2.422705,-0.704463,-0.302835,0.060946,-0.638990,2.460756,1.557871,2.379221
400,3.333333,-0.772463,0.107108,0.043894,-0.624422,2.109765,1.510881,2.424291,-0.687945,-0.300629,0.066502,-0.657215,2.461904,1.538414,2.375881
401,3.341667,-0.756659,0.106104,0.039332,-0.643943,2.108896,1.492120,2.426018,-0.669829,-0.297525,0.071578,-0.676524,2.462878,1.518595,2.373239
402,3.350000,-0.739128,0.104575,0.033997,-0.664529,2.107984,1.473109,2.427868,-0.650284,-0.294672,0.075764,-0.696102,2.463622,1.498471,2.371389
403,3.358333,-0.718946,0.102541,0.028148,-0.686884,2.107087,1.453697,2.429771,-0.629161,-0.293097,0.078436,-0.715610,2.464076,1.478084,2.370339
404,3.366667,-0.695931,0.100362,0.021578,-0.710733,2.106176,1.433890,2.431765,-0.605800,-0.293428,0.079183,-0.735280,2.464202,1.457481,2.370056
405,3.375000,-0.670527,0.098279,0.014159,-0.735211,2.105210,1.413692,2.433965,-0.579597,-0.295538,0.077609,-0.755448,2.463948,1.436661,2.370413
406,3.383333,-0.642407,0.095925,0.006300,-0.760310,2.104234,1.393072,2.436353,-0.550668,-0.299095,0.074173,-0.775761,2.463390,1.415608,2.371311
407,3.391667,-0.611265,0.093154,-0.002035,-0.785922,2.103222,1.372107,2.438942,-0.518117,-0.303756,0.070102,-0.796475,2.462636,1.394374,2.372626
408,3.400000,-0.577581,0.089264,-0.010751,-0.811367,2.102171,1.350899,2.441840,-0.481104,-0.308740,0.066468,-0.817802,2.461734,1.372954,2.374152
409,3.408333,-0.541314,0.083713,-0.019891,-0.836406,2.101097,1.329562,2.445094,-0.439833,-0.313528,0.064735,-0.839081,2.460851,1.351395,2.375788
410,3.416667,-0.502909,0.076324,-0.029192,-0.860468,2.099979,1.308296,2.448669,-0.394310,-0.318049,0.066303,-0.859633,2.460091,1.329724,2.377457
411,3.425000,-0.462535,0.066715,-0.038817,-0.883235,2.098817,1.287227,2.452581,-0.345041,-0.322370,0.071266,-0.878604,2.459470,1.307910,2.379178
412,3.433333,-0.419441,0.054803,-0.048698,-0.904817,2.097632,1.266509,2.456775,-0.293741,-0.325247,0.078439,-0.895421,2.458999,1.285913,2.381077
413,3.441667,-0.373204,0.040843,-0.058681,-0.924990,2.096396,1.246290,2.461167,-0.241222,-0.325935,0.086090,-0.910037,2.458727,1.263853,2.383316
414,3.450000,-0.323346,0.025792,-0.068355,-0.943456,2.095113,1.226651,2.465657,-0.188290,-0.323680,0.092702,-0.922597,2.458614,1.241868,2.386036
415,3.458333,-0.269779,0.010541,-0.077118,-0.959771,2.093919,1.207615,2.470193,-0.135336,-0.319051,0.096718,-0.933025,2.458584,1.220120,2.389387
416,3.466667,-0.212721,-0.004363,-0.083925,-0.973492,2.092803,1.189336,2.474685,-0.082925,-0.313433,0.097666,-0.940928,2.458606,1.198848,2.393498
417,3.475000,-0.153545,-0.018172,-0.089428,-0.983919,2.091767,1.171964,2.479035,-0.032617,-0.308457,0.096557,-0.945763,2.458696,1.178374,2.398453
418,3.483333,-0.095252,-0.029077,-0.094219,-0.990558,2.090729,1.155675,2.483441,0.013524,-0.305900,0.094036,-0.947312,2.458869,1.159025,2.404319
419,3.491667,-0.041734,-0.036516,-0.099673,-0.993474,2.089663,1.140619,2.488213,0.053648,-0.306221,0.090636,-0.946116,2.459106,1.141130,2.411062
420,3.500000,0.004061,-0.041307,-0.106180,-0.993480,2.088665,1.126971,2.493479,0.087212,-0.307921,0.087527,-0.943354,2.459413,1.124922,2.418468
421,3.508333,0.039951,-0.045495,-0.113314,-0.991713,2.087788,1.114975,2.499153,0.114858,-0.308523,0.086521,-0.940285,2.459843,1.110526,2.426206
422,3.516667,0.067030,-0.050491,-0.120041,-0.989216,2.087224,1.104664,2.505107,0.137858,-0.306283,0.090017,-0.937594,2.460422,1.097925,2.433996
423,3.525000,0.086638,-0.056370,-0.125198,-0.986733,2.087063,1.095977,2.511161,0.157272,-0.300876,0.098696,-0.935413,2.461176,1.087044,2.441628
424,3.533333,0.100587,-0.062414,-0.128441,-0.984627,2.087288,1.088823,2.517077,0.174057,-0.292620,0.111805,-0.933583,2.462103,1.077739,2.448914
425,3.541667,0.110956,-0.067249,-0.129816,-0.983013,2.087835,1.083042,2.522666,0.188861,-0.282209,0.128644,-0.931741,2.463157,1.069838,2.455740
426,3.550000,0.120488,-0.069325,-0.129670,-0.981765,2.088651,1.078438,2.527737,0.202634,-0.270037,0.148835,-0.929445,2.464284,1.063121,2.462044
427,3.558333,0.129008,-0.068866,-0.127035,-0.981059,2.089664,1.074850,2.532124,0.216783,-0.256891,0.171028,-0.926154,2.465465,1.057422,2.467788
428,3.566667,0.136860,-0.066529,-0.122511,-0.980732,2.090757,1.072155,2.535737,0.231389,-0.243332,0.193581,-0.921833,2.466651,1.052648,2.472890
429,3.575000,0.145659,-0.062830,-0.116003,-0.980499,2.091992,1.070066,2.538507,0.246038,-0.229845,0.215152,-0.916704,2.467765,1.048641,2.477362
430,3.583333,0.155348,-0.058846,-0.108600,-0.980107,2.093215,1.068444,2.540444,0.260139,-0.217278,0.234205,-0.911189,2.468735,1.045318,2.481251
431,3.591667,0.164572,-0.055322,-0.100510,-0.979670,2.094315,1.067216,2.541627,0.272119,-0.206110,0.250049,-0.906060,2.469594,1.042686,2.484583
432,3.600000,0.172734,-0.052650,-0.092919,-0.979161,2.095237,1.066337,2.542204,0.280964,-0.196655,0.262447,-0.901947,2.470346,1.040730,2.487424
433,3.608333,0.178747,-0.051116,-0.086476,-0.978754,2.095930,1.065744,2.542309,0.286178,-0.188684,0.271588,-0.899300,2.470984,1.039429,2.489839
434,3.616667,0.181925,-0.050753,-0.081379,-0.978624,2.096373,1.065425,2.542047,0.287446,-0.181592,0.277761,-0.898470,2.471544,1.038733,2.491846
435,3.625000,0.182512,-0.051748,-0.077510,-0.978777,2.096600,1.065354,2.541471,0.285380,-0.174797,0.281595,-0.899282,2.472037,1.038557,2.493476
436,3.633333,0.180964,-0.054196,-0.074833,-0.979140,2.096659,1.065505,2.540619,0.281059,-0.167747,0.283989,-0.901231,2.472497,1.038796,2.494718
437,3.641667,0.177754,-0.057739,-0.072856,-0.979674,2.096617,1.065836,2.539514,0.275566,-0.160350,0.285812,-0.903694,2.472949,1.039335,2.495581
438,3.650000,0.173910,-0.061813,-0.071454,-0.980219,2.096534,1.066324,2.538154,0.269698,-0.152849,0.288097,-0.906035,2.473372,1.040084,2.496079
439,3.658333,0.170134,-0.065856,-0.070470,-0.980689,2.096476,1.066949,2.536578,0.263618,-0.145444,0.290882,-0.908152,2.473763,1.040931,2.496244
440,3.666667,0.166906,-0.069403,-0.069738,-0.981052,2.096525,1.067696,2.534837,0.257980,-0.138548,0.294196,-0.909780,2.474096,1.041842,2.496105
441,3.675000,0.164179,-0.072064,-0.068741,-0.981390,2.096734,1.068535,2.532967,0.253204,-0.132435,0.297718,-0.910886,2.474348,1.042813,2.495685
442,3.683333,0.161947,-0.073676,-0.067183,-0.981749,2.097163,1.069443,2.531019,0.249117,-0.127285,0.300769,-0.911744,2.474496,1.043823,2.495036
443,3.691667,0.160313,-0.074247,-0.064729,-0.982139,2.097824,1.070405,2.529040,0.245511,-0.123196,0.302804,-0.912610,2.474516,1.044882,2.494195
444,3.700000,0.159023,-0.073583,-0.061480,-0.982608,2.098698,1.071418,2.527045,0.241879,-0.120170,0.303169,-0.913861,2.474366,1.046009,2.493198
445,3.708333,0.157670,-0.071971,-0.057526,-0.983184,2.099770,1.072480,2.525080,0.237980,-0.118232,0.301400,-0.915721,2.474026,1.047226,2.492082
446,3.716667,0.155839,-0.069632,-0.053295,-0.983883,2.101004,1.073594,2.523185,0.233670,-0.117462,0.297275,-0.918275,2.473514,1.048535,2.490873
447,3.725000,0.153118,-0.066493,-0.048461,-0.984777,2.102355,1.074739,2.521383,0.228953,-0.117695,0.291132,-0.921396,2.472843,1.049897,2.489598
448,3.733333,0.149545,-0.063013,-0.042718,-0.985820,2.103786,1.075907,2.519658,0.223874,-0.118662,0.283830,-0.924792,2.472079,1.051290,2.488266
449,3.741667,0.145209,-0.059457,-0.036475,-0.986939,2.105229,1.077109,2.518008,0.219052,-0.119809,0.276582,-0.927989,2.471306,1.052671,2.486869
450,3.750000,0.140247,-0.056211,-0.030919,-0.988036,2.106632,1.078375,2.516392,0.214673,-0.120844,0.270411,-0.930693,2.470592,1.054004,2.485426
451,3.758333,0.135524,-0.053276,-0.026117,-0.988996,2.108002,1.079682,2.514794,0.210969,-0.121450,0.266075,-0.932709,2.469998,1.055297,2.483919
452,3.766667,0.130283,-0.050908,-0.021985,-0.989925,2.109308,1.081028,2.513199,0.208220,-0.121564,0.263308,-0.934096,2.469528,1.056512,2.482380
453,3.775000,0.125441,-0.048578,-0.017785,-0.990752,2.110533,1.082420,2.511606,0.205811,-0.120905,0.262150,-0.935041,2.469185,1.057651,2.480810
454,3.783333,0.120874,-0.046546,-0.013904,-0.991479,2.111693,1.083816,2.510035,0.204187,-0.119876,0.261726,-0.935648,2.468952,1.058756,2.479217
455,3.791667,0.116438,-0.044837,-0.010616,-0.992129,2.112801,1.085207,2.508492,0.202817,-0.118531,0.261567,-0.936162,2.468795,1.059855,2.477619
456,3.800000,0.113472,-0.043145,-0.007684,-0.992574,2.113914,1.086580,2.506947,0.201481,-0.117289,0.261249,-0.936695,2.468687,1.060942,2.476059
457,3.808333,0.110510,-0.041303,-0.004570,-0.993006,2.114966,1.087957,2.505415,0.199617,-0.116100,0.260661,-0.937406,2.468667,1.062084,2.474526
458,3.816667,0.108000,-0.039266,-0.001536,-0.993374,2.115978,1.089321,2.503906,0.197378,-0.115161,0.259265,-0.938382,2.468692,1.063268,2.473052
459,3.825000,0.106028,-0.037143,0.001370,-0.993668,2.116941,1.090657,2.502420,0.194819,-0.114140,0.257015,-0.939660,2.468757,1.064511,2.471606
460,3.833333,0.104178,-0.035204,0.004198,-0.993927,2.117856,1.092002,2.500945,0.191713,-0.113026,0.253701,-0.941333,2.468880,1.065812,2.470192
461,3.841667,0.102568,-0.033513,0.007211,-0.994135,2.118734,1.093325,2.499508,0.188335,-0.111675,0.250015,-0.943160,2.469028,1.067156,2.468812
462,3.850000,0.100433,-0.032087,0.010549,-0.994370,2.119526,1.094677,2.498068,0.185266,-0.110523,0.245912,-0.944981,2.469202,1.068511,2.467450
463,3.858333,0.098545,-0.030793,0.013865,-0.994559,2.120241,1.096029,2.496646,0.182525,-0.109468,0.242306,-0.946567,2.469388,1.069831,2.466140
464,3.866667,0.096621,-0.030033,0.016371,-0.994733,2.120886,1.097324,2.495280,0.180002,-0.108432,0.239686,-0.947836,2.469586,1.071111,2.464858
465,3.875000,0.095050,-0.029399,0.018305,-0.994870,2.121424,1.098598,2.493920,0.178198,-0.107512,0.237777,-0.948762,2.469776,1.072334,2.463594
466,3.883333,0.094020,-0.028586,0.020134,-0.994956,2.121873,1.099849,2.492557,0.177151,-0.106700,0.236590,-0.949346,2.469974,1.073520,2.462339
467,3.891667,0.092997,-0.028081,0.021455,-0.995039,2.122252,1.101030,2.491208,0.176712,-0.106152,0.235585,-0.949739,2.470180,1.074663,2.461107
468,3.900000,0.092657,-0.027682,0.022465,-0.995060,2.122579,1.102139,2.489890,0.176401,-0.105510,0.234814,-0.950060,2.470345,1.075749,2.459930
469,3.908333,0.092958,-0.027374,0.023179,-0.995024,2.122869,1.103190,2.488608,0.176196,-0.105072,0.233794,-0.950397,2.470506,1.076866,2.458785
470,3.916667,0.093145,-0.027032,0.023713,-0.995003,2.123101,1.104213,2.487342,0.176022,-0.104891,0.232385,-0.950795,2.470644,1.078037,2.457714
471,3.925000,0.093315,-0.026668,0.024100,-0.994988,2.123309,1.105187,2.486160,0.175048,-0.104802,0.230438,-0.951459,2.470733,1.079217,2.456740
472,3.933333,0.093228,-0.026196,0.024378,-0.995002,2.123510,1.106123,2.485078,0.173462,-0.104684,0.227924,-0.952367,2.470772,1.080428,2.455860
473,3.941667,0.092696,-0.025676,0.024627,-0.995059,2.123724,1.107044,2.484104,0.171284,-0.104559,0.224856,-0.953504,2.470769,1.081643,2.455078
474,3.950000,0.091665,-0.025085,0.025075,-0.995158,2.123961,1.107953,2.483244,0.168832,-0.104419,0.221547,-0.954730,2.470759,1.082894,2.454351
475,3.958333,0.090259,-0.024441,0.025832,-0.995283,2.124230,1.108852,2.482491,0.166373,-0.104311,0.218393,-0.955900,2.470722,1.084131,2.453683
476,3.966667,0.088586,-0.023666,0.026958,-0.995422,2.124536,1.109730,2.481843,0.163840,-0.104105,0.215687,-0.956973,2.470667,1.085307,2.453068
477,3.975000,0.086741,-0.022873,0.028169,-0.995570,2.124867,1.110599,2.481277,0.161386,-0.103733,0.213553,-0.957909,2.470639,1.086435,2.452468
478,3.983333,0.085003,-0.022046,0.029244,-0.995707,2.125221,1.111471,2.480770,0.159387,-0.103169,0.212120,-0.958623,2.470619,1.087480,2.451890
479,3.991667,0.083586,-0.021201,0.029984,-0.995824,2.125575,1.112344,2.480314,0.158047,-0.102442,0.211360,-0.959090,2.470594,1.088423,2.451339
480,4.000000,0.082620,-0.020322,0.030359,-0.995911,2.125914,1.113208,2.479893,0.157063,-0.101610,0.211073,-0.959403,2.470572,1.089287,2.450793
481,4.008333,0.082144,-0.019480,0.030270,-0.995970,2.126243,1.114044,2.479520,0.156557,-0.100678,0.211336,-0.959526,2.470550,1.090067,2.450273
482,4.016667,0.081961,-0.018656,0.029779,-0.996016,2.126557,1.114846,2.479179,0.156331,-0.099670,0.212141,-0.959491,2.470488,1.090749,2.449790
483,4.025000,0.081898,-0.017865,0.029031,-0.996058,2.126866,1.115608,2.478873,0.156722,-0.098866,0.212983,-0.959324,2.470374,1.091354,2.449354
484,4.033333,0.081863,-0.017123,0.028296,-0.996095,2.127171,1.116330,2.478601,0.156849,-0.098139,0.213617,-0.959237,2.470206,1.091905,2.448958
485,4.041667,0.081850,-0.016459,0.027786,-0.996121,2.127475,1.116995,2.478364,0.156656,-0.097536,0.213715,-0.959308,2.469992,1.092434,2.448603
486,4.050000,0.081765,-0.015854,0.027656,-0.996142,2.127769,1.117595,2.478165,0.156199,-0.097125,0.213092,-0.959563,2.469723,1.092952,2.448291
487,4.058333,0.081635,-0.015342,0.027900,-0.996154,2.128051,1.118127,2.478011,0.155405,-0.096973,0.211639,-0.960028,2.469405,1.093447,2.448028
488,4.066667,0.081464,-0.014861,0.028469,-0.996159,2.128325,1.118596,2.477904,0.154490,-0.096978,0.209860,-0.960566,2.469038,1.093904,2.447815
489,4.075000,0.080997,-0.014509,0.029198,-0.996181,2.128582,1.119028,2.477823,0.153738,-0.097319,0.207763,-0.961108,2.468663,1.094346,2.447613
490,4.083333,0.080386,-0.014186,0.030097,-0.996208,2.128830,1.119419,2.477778,0.153047,-0.097760,0.205763,-0.961604,2.468273,1.094754,2.447424
491,4.091667,0.079760,-0.013897,0.031076,-0.996233,2.129060,1.119773,2.477761,0.152463,-0.098161,0.204059,-0.962019,2.467884,1.095113,2.447248
492,4.100000,0.079201,-0.013657,0.032013,-0.996251,2.129270,1.120095,2.477768,0.152122,-0.098495,0.202600,-0.962347,2.467516,1.095426,2.447076
493,4.108333,0.078801,-0.013499,0.032783,-0.996260,2.129456,1.120389,2.477786,0.152248,-0.098750,0.201605,-0.962509,2.467165,1.095689,2.446918
494,4.116667,0.078547,-0.013429,0.033346,-0.996262,2.129609,1.120658,2.477809,0.152323,-0.098733,0.201132,-0.962598,2.466834,1.095900,2.446778
495,4.125000,0.078502,-0.013437,0.033664,-0.996255,2.129727,1.120903,2.477829,0.152691,-0.098681,0.200773,-0.962620,2.466510,1.096048,2.446667
496,4.133333,0.078707,-0.013495,0.033772,-0.996234,2.129806,1.121121,2.477846,0.153397,-0.098530,0.200775,-0.962523,2.466215,1.096171,2.446554
497,4.141667,0.079134,-0.013594,0.033774,-0.996199,2.129846,1.121311,2.477861,0.154443,-0.098259,0.201089,-0.962318,2.465914,1.096244,2.446463
498,4.150000,0.079686,-0.013735,0.033768,-0.996153,2.129862,1.121473,2.477879,0.155745,-0.097931,0.201487,-0.962058,2.465610,1.096283,2.446389
499,4.158333,0.080368,-0.013902,0.033813,-0.996095,2.129853,1.121612,2.477904,0.157144,-0.097657,0.201763,-0.961801,2.465290,1.096292,2.446333
500,4.166667,0.081026,-0.014050,0.034012,-0.996032,2.129831,1.121737,2.477939,0.158604,-0.097539,0.201849,-0.961555,2.464953,1.096287,2.446305
501,4.175000,0.081649,-0.014189,0.034301,-0.995970,2.129795,1.121856,2.477993,0.160100,-0.097633,0.201726,-0.961323,2.464595,1.096275,2.446323
502,4.183333,0.082325,-0.014342,0.034526,-0.995904,2.129758,1.121985,2.478064,0.161174,-0.097818,0.201240,-0.961227,2.464236,1.096278,2.446363
503,4.191667,0.082608,-0.014328,0.034950,-0.995866,2.129684,1.122107,2.478153,0.161862,-0.098054,0.200588,-0.961223,2.463885,1.096319,2.446425
504,4.200000,0.082740,-0.014274,0.035374,-0.995841,2.129602,1.122234,2.478257,0.162209,-0.098341,0.199568,-0.961348,2.463530,1.096378,2.446515
505,4.208333,0.082785,-0.014211,0.035824,-0.995822,2.129506,1.122369,2.478370,0.162202,-0.098618,0.198218,-0.961600,2.463173,1.096455,2.446626
506,4.216667,0.082783,-0.014200,0.036274,-0.995806,2.129390,1.122509,2.478483,0.162270,-0.098898,0.196647,-0.961882,2.462826,1.096553,2.446744
507,4.225000,0.082786,-0.014225,0.036670,-0.995791,2.129252,1.122659,2.478594,0.162422,-0.099163,0.194780,-0.962209,2.462485,1.096646,2.446884
508,4.233333,0.082787,-0.014263,0.037017,-0.995777,2.129090,1.122810,2.478702,0.162569,-0.099300,0.192879,-0.962553,2.462164,1.096742,2.447031
509,4.241667,0.082813,-0.014322,0.037342,-0.995762,2.128909,1.122959,2.478806,0.162779,-0.099359,0.191146,-0.962857,2.461858,1.096834,2.447180
510,4.250000,0.082849,-0.014360,0.037703,-0.995745,2.128707,1.123102,2.478909,0.163117,-0.099359,0.189679,-0.963090,2.461565,1.096915,2.447328
511,4.258333,0.082827,-0.014377,0.038141,-0.995730,2.128498,1.123237,2.479010,0.163565,-0.099312,0.188466,-0.963257,2.461283,1.096983,2.447471
512,4.266667,0.082728,-0.014394,0.038712,-0.995716,2.128281,1.123362,2.479119,0.163992,-0.099217,0.187455,-0.963392,2.461014,1.097034,2.447602
513,4.275000,0.082536,-0.014407,0.039424,-0.995704,2.128062,1.123480,2.479233,0.164451,-0.099094,0.186853,-0.963443,2.460759,1.097094,2.447720
514,4.283333,0.082302,-0.014431,0.040160,-0.995693,2.127841,1.123596,2.479350,0.164791,-0.099018,0.186261,-0.963507,2.460508,1.097143,2.447831
515,4.291667,0.082034,-0.014499,0.040841,-0.995687,2.127615,1.123714,2.479462,0.165075,-0.099042,0.185613,-0.963581,2.460255,1.097193,2.447947
516,4.300000,0.081886,-0.014606,0.041370,-0.995676,2.127385,1.123829,2.479561,0.165035,-0.099111,0.185048,-0.963690,2.460002,1.097269,2.448057
517,4.308333,0.081970,-0.014719,0.041691,-0.995654,2.127151,1.123943,2.479642,0.164889,-0.099409,0.184214,-0.963844,2.459733,1.097356,2.448178
518,4.316667,0.082311,-0.014761,0.041900,-0.995616,2.126915,1.124068,2.479689,0.164554,-0.099881,0.183131,-0.964059,2.459447,1.097463,2.448296
519,4.325000,0.082818,-0.014881,0.041871,-0.995574,2.126671,1.124192,2.479715,0.164088,-0.100548,0.181671,-0.964345,2.459141,1.097587,2.448411
520,4.333333,0.083434,-0.015025,0.041732,-0.995526,2.126427,1.124314,2.479724,0.163685,-0.101406,0.179745,-0.964684,2.458817,1.097725,2.448523
521,4.341667,0.084047,-0.015185,0.041648,-0.995475,2.126180,1.124432,2.479722,0.163310,-0.102297,0.177596,-0.965052,2.458483,1.097884,2.448610
522,4.350000,0.084454,-0.015458,0.041565,-0.995440,2.125940,1.124540,2.479711,0.162794,-0.103081,0.175374,-0.965462,2.458113,1.098023,2.448695
523,4.358333,0.084849,-0.015729,0.041643,-0.995399,2.125707,1.124644,2.479693,0.162461,-0.103825,0.173118,-0.965845,2.457731,1.098145,2.448760
524,4.366667,0.085157,-0.016015,0.041867,-0.995359,2.125475,1.124745,2.479674,0.162447,-0.104562,0.170887,-0.966165,2.457343,1.098239,2.448807
525,4.375000,0.085351,-0.016343,0.042180,-0.995324,2.125249,1.124841,2.479653,0.162526,-0.105130,0.169054,-0.966413,2.456973,1.098331,2.448815
526,4.383333,0.085419,-0.016706,0.042499,-0.995298,2.125029,1.124932,2.479632,0.162832,-0.105621,0.167595,-0.966562,2.456621,1.098409,2.448795
527,4.391667,0.085368,-0.017089,0.042804,-0.995283,2.124819,1.125019,2.479610,0.163286,-0.106056,0.166592,-0.966611,2.456286,1.098479,2.448751
528,4.400000,0.085217,-0.017478,0.043079,-0.995277,2.124617,1.125101,2.479589,0.163834,-0.106452,0.166126,-0.966555,2.455966,1.098552,2.448687
529,4.408333,0.084996,-0.017807,0.043324,-0.995280,2.124425,1.125178,2.479565,0.164321,-0.106832,0.166011,-0.966450,2.455661,1.098635,2.448606
530,4.416667,0.084701,-0.018087,0.043559,-0.995290,2.124245,1.125249,2.479538,0.164729,-0.107262,0.166079,-0.966321,2.455360,1.098741,2.448512
531,4.425000,0.084349,-0.018319,0.043815,-0.995304,2.124076,1.125318,2.479500,0.165133,-0.107851,0.166043,-0.966193,2.455067,1.098886,2.448401
532,4.433333,0.084021,-0.018504,0.044091,-0.995316,2.123913,1.125385,2.479452,0.165295,-0.108439,0.165831,-0.966136,2.454765,1.099059,2.448283
533,4.441667,0.083714,-0.018608,0.044399,-0.995326,2.123763,1.125448,2.479393,0.165299,-0.108964,0.165384,-0.966153,2.454446,1.099255,2.448158
534,4.450000,0.083354,-0.018687,0.044765,-0.995339,2.123625,1.125503,2.479329,0.165036,-0.109308,0.164691,-0.966277,2.454117,1.099473,2.448029
535,4.458333,0.083065,-0.018715,0.045090,-0.995348,2.123487,1.125561,2.479247,0.164839,-0.109687,0.163545,-0.966463,2.453804,1.099726,2.447872
536,4.466667,0.082736,-0.018753,0.045460,-0.995358,2.123368,1.125610,2.479166,0.164560,-0.110040,0.162193,-0.966698,2.453500,1.100000,2.447694
537,4.475000,0.082456,-0.018790,0.045801,-0.995364,2.123255,1.125655,2.479078,0.164217,-0.110385,0.160783,-0.966952,2.453207,1.100287,2.447495
538,4.483333,0.082213,-0.018860,0.046090,-0.995370,2.123150,1.125701,2.478984,0.163936,-0.110692,0.159561,-0.967167,2.452921,1.100576,2.447277
539,4.491667,0.082037,-0.018935,0.046297,-0.995373,2.123050,1.125749,2.478888,0.163734,-0.110959,0.158547,-0.967338,2.452656,1.100865,2.447038
540,4.500000,0.081919,-0.019030,0.046378,-0.995378,2.122954,1.125808,2.478776,0.163678,-0.111162,0.157861,-0.967436,2.452414,1.101149,2.446779
541,4.508333,0.081979,-0.019056,0.046406,-0.995371,2.122855,1.125891,2.478637,0.163727,-0.111326,0.157579,-0.967455,2.452195,1.101422,2.446505
542,4.516667,0.081932,-0.019196,0.046235,-0.995380,2.122761,1.125974,2.478506,0.163830,-0.111420,0.157697,-0.967407,2.451998,1.101688,2.446218
543,4.525000,0.081938,-0.019206,0.046239,-0.995379,2.122679,1.126078,2.478357,0.163859,-0.111433,0.158054,-0.967343,2.451822,1.101950,2.445920
544,4.533333,0.081902,-0.019178,0.046275,-0.995381,2.122613,1.126193,2.478212,0.163753,-0.111280,0.158735,-0.967267,2.451637,1.102190,2.445639
545,4.541667,0.081772,-0.019244,0.046261,-0.995391,2.122544,1.126329,2.478053,0.163672,-0.111126,0.159350,-0.967197,2.451447,1.102425,2.445368
546,4.550000,0.081580,-0.019332,0.046272,-0.995404,2.122481,1.126480,2.477889,0.163599,-0.111068,0.159678,-0.967162,2.451237,1.102658,2.445107
547,4.558333,0.081303,-0.019476,0.046273,-0.995424,2.122424,1.126648,2.477719,0.163503,-0.111165,0.159624,-0.967176,2.451004,1.102890,2.444861
548,4.566667,0.080954,-0.019655,0.046267,-0.995449,2.122367,1.126829,2.477552,0.163327,-0.111437,0.159118,-0.967258,2.450745,1.103125,2.444635
549,4.575000,0.080477,-0.019957,0.046091,-0.995490,2.122308,1.127015,2.477392,0.163045,-0.111846,0.158135,-0.967419,2.450470,1.103360,2.444424
550,4.583333,0.079967,-0.020233,0.045969,-0.995531,2.122254,1.127213,2.477225,0.162864,-0.112378,0.156781,-0.967609,2.450186,1.103602,2.444229
551,4.591667,0.079463,-0.020497,0.045825,-0.995573,2.122205,1.127419,2.477051,0.162566,-0.112882,0.155333,-0.967834,2.449894,1.103840,2.444054
552,4.600000,0.079073,-0.020755,0.045638,-0.995607,2.122160,1.127621,2.476876,0.162160,-0.113361,0.153921,-0.968071,2.449599,1.104067,2.443897
553,4.608333,0.078712,-0.020977,0.045429,-0.995641,2.122122,1.127822,2.476690,0.161602,-0.113729,0.152765,-0.968304,2.449305,1.104270,2.443765
554,4.616667,0.078409,-0.021180,0.045217,-0.995670,2.122088,1.128016,2.476495,0.161111,-0.114092,0.151864,-0.968485,2.449036,1.104456,2.443641
555,4.625000,0.078212,-0.021328,0.045064,-0.995689,2.122059,1.128205,2.476290,0.160762,-0.114412,0.151271,-0.968598,2.448789,1.104621,2.443519
556,4.633333,0.077979,-0.021411,0.044965,-0.995710,2.122028,1.128387,2.476074,0.160534,-0.114678,0.151015,-0.968644,2.448571,1.104762,2.443397
557,4.641667,0.077724,-0.021496,0.044871,-0.995733,2.121975,1.128570,2.475857,0.160441,-0.114885,0.151063,-0.968628,2.448376,1.104879,2.443276
558,4.650000,0.077412,-0.021598,0.044768,-0.995759,2.121914,1.128750,2.475623,0.160440,-0.115003,0.151325,-0.968573,2.448200,1.104974,2.443164
559,4.658333,0.076931,-0.021805,0.044637,-0.995798,2.121848,1.128939,2.475362,0.160543,-0.115069,0.151748,-0.968482,2.448026,1.105052,2.443058
560,4.666667,0.076573,-0.022058,0.044380,-0.995832,2.121759,1.129124,2.475097,0.160649,-0.115153,0.152119,-0.968396,2.447856,1.105123,2.442961
561,4.675000,0.076318,-0.022350,0.044095,-0.995857,2.121656,1.129305,2.474837,0.160822,-0.115376,0.152255,-0.968320,2.447687,1.105202,2.442865
562,4.683333,0.076018,-0.022686,0.043835,-0.995884,2.121548,1.129483,2.474574,0.160912,-0.115658,0.152245,-0.968273,2.447504,1.105279,2.442783
563,4.691667,0.075688,-0.023050,0.043614,-0.995911,2.121440,1.129658,2.474301,0.160751,-0.115935,0.152163,-0.968279,2.447296,1.105349,2.442720
564,4.700000,0.075367,-0.023385,0.043443,-0.995935,2.121333,1.129825,2.474030,0.160693,-0.116443,0.151790,-0.968287,2.447087,1.105432,2.442654
565,4.708333,0.075173,-0.023618,0.043474,-0.995942,2.121228,1.129994,2.473750,0.160564,-0.117061,0.151364,-0.968300,2.446868,1.105514,2.442597
566,4.716667,0.074944,-0.023831,0.043527,-0.995952,2.121116,1.130150,2.473476,0.160207,-0.117647,0.150980,-0.968348,2.446633,1.105585,2.442550
567,4.725000,0.074779,-0.024047,0.043546,-0.995959,2.120996,1.130294,2.473210,0.159888,-0.118387,0.150388,-0.968403,2.446425,1.105674,2.442488
568,4.733333,0.074634,-0.024247,0.043519,-0.995966,2.120867,1.130438,2.472951,0.159446,-0.118991,0.150029,-0.968457,2.446218,1.105741,2.442438
569,4.741667,0.074583,-0.024475,0.043417,-0.995969,2.120734,1.130581,2.472698,0.159100,-0.119550,0.149774,-0.968485,2.446032,1.105793,2.442379
570,4.750000,0.074459,-0.024686,0.043317,-0.995977,2.120599,1.130731,2.472449,0.158839,-0.119975,0.149615,-0.968500,2.445875,1.105828,2.442309
571,4.758333,0.074259,-0.024963,0.043019,-0.995998,2.120460,1.130876,2.472223,0.158671,-0.120210,0.149517,-0.968513,2.445749,1.105840,2.442228
572,4.766667,0.074004,-0.025215,0.042807,-0.996020,2.120330,1.131027,2.472014,0.158794,-0.120396,0.149260,-0.968509,2.445668,1.105844,2.442121
573,4.775000,0.073865,-0.025401,0.042704,-0.996030,2.120201,1.131199,2.471804,0.158931,-0.120420,0.149046,-0.968517,2.445602,1.105812,2.442008
574,4.783333,0.073756,-0.025669,0.042464,-0.996041,2.120054,1.131377,2.471619,0.158823,-0.120209,0.149004,-0.968568,2.445533,1.105742,2.441902
575,4.791667,0.073560,-0.026005,0.042118,-0.996062,2.119906,1.131572,2.471426,0.158786,-0.120045,0.148785,-0.968628,2.445473,1.105658,2.441789
576,4.800000,0.073349,-0.026449,0.041510,-0.996091,2.119764,1.131748,2.471272,0.158740,-0.119970,0.148415,-0.968701,2.445416,1.105568,2.441674
577,4.808333,0.073122,-0.026826,0.040993,-0.996119,2.119631,1.131919,2.471134,0.158641,-0.119955,0.147901,-0.968798,2.445360,1.105481,2.441563
578,4.816667,0.072848,-0.027086,0.040635,-0.996147,2.119504,1.132075,2.471019,0.158481,-0.119918,0.147237,-0.968930,2.445307,1.105404,2.441455
579,4.825000,0.072523,-0.027232,0.040471,-0.996173,2.119382,1.132213,2.470927,0.158207,-0.119838,0.146484,-0.969098,2.445259,1.105341,2.441353
580,4.833333,0.072151,-0.027270,0.040546,-0.996196,2.119264,1.132330,2.470850,0.157866,-0.119735,0.145731,-0.969280,2.445217,1.105292,2.441260
581,4.841667,0.071802,-0.027226,0.040783,-0.996213,2.119147,1.132429,2.470786,0.157447,-0.119586,0.145028,-0.969472,2.445183,1.105258,2.441170
582,4.850000,0.071484,-0.027169,0.041194,-0.996220,2.119024,1.132498,2.470719,0.157086,-0.119331,0.144423,-0.969653,2.445160,1.105232,2.441082
583,4.858333,0.071231,-0.027108,0.041568,-0.996225,2.118889,1.132554,2.470654,0.156913,-0.119094,0.143834,-0.969797,2.445156,1.105217,2.440978
584,4.866667,0.071040,-0.027068,0.041886,-0.996226,2.118742,1.132594,2.470585,0.156677,-0.118666,0.143554,-0.969929,2.445147,1.105187,2.440879
585,4.875000,0.070918,-0.027074,0.042139,-0.996224,2.118578,1.132618,2.470507,0.156739,-0.118317,0.143340,-0.969994,2.445157,1.105162,2.440757
586,4.883333,0.070891,-0.027138,0.042279,-0.996218,2.118400,1.132626,2.470422,0.156829,-0.117859,0.143413,-0.970024,2.445155,1.105122,2.440634
587,4.891667,0.070914,-0.027243,0.042332,-0.996211,2.118209,1.132617,2.470326,0.156917,-0.117387,0.143556,-0.970046,2.445165,1.105092,2.440490
588,4.900000,0.071033,-0.027388,0.042323,-0.996199,2.118007,1.132597,2.470222,0.157311,-0.117096,0.143635,-0.970005,2.445182,1.105070,2.440327
589,4.908333,0.071269,-0.027438,0.042484,-0.996174,2.117807,1.132569,2.470101,0.157691,-0.116890,0.143778,-0.969948,2.445189,1.105052,2.440165
590,4.916667,0.071406,-0.027630,0.042485,-0.996159,2.117603,1.132513,2.469993,0.157966,-0.116733,0.143957,-0.969895,2.445185,1.105045,2.440001
591,4.925000,0.071630,-0.027681,0.042696,-0.996133,2.117405,1.132460,2.469874,0.158066,-0.116674,0.144116,-0.969862,2.445176,1.105061,2.439842
592,4.933333,0.071748,-0.027771,0.042732,-0.996120,2.117211,1.132382,2.469771,0.157961,-0.116646,0.144179,-0.969874,2.445153,1.105104,2.439689
593,4.941667,0.071854,-0.027810,0.042839,-0.996107,2.117030,1.132295,2.469672,0.157698,-0.116613,0.144135,-0.969927,2.445123,1.105177,2.439540
594,4.950000,0.072064,-0.027813,0.042944,-0.996087,2.116855,1.132210,2.469564,0.157410,-0.116638,0.143854,-0.970012,2.445079,1.105264,2.439402
595,4.958333,0.072488,-0.027744,0.042985,-0.996056,2.116695,1.132120,2.469458,0.157049,-0.116635,0.143485,-0.970126,2.445035,1.105377,2.439256
596,4.966667,0.072863,-0.027783,0.042993,-0.996027,2.116509,1.132048,2.469325,0.156670,-0.116581,0.143035,-0.970260,2.444994,1.105507,2.439102
597,4.975000,0.073294,-0.027765,0.043176,-0.995988,2.116332,1.131996,2.469178,0.156316,-0.116530,0.142492,-0.970403,2.444965,1.105643,2.438934
598,4.983333,0.073640,-0.027804,0.043277,-0.995957,2.116153,1.131950,2.469033,0.155940,-0.116379,0.142037,-0.970548,2.444960,1.105791,2.438743
599,4.991667,0.073813,-0.027966,0.043201,-0.995943,2.115977,1.131900,2.468901,0.155763,-0.116213,0.141701,-0.970646,2.444970,1.105927,2.438538
600,5.000000,0.073856,-0.028133,0.043243,-0.995934,2.115799,1.131869,2.468764,0.155667,-0.116009,0.141427,-0.970726,2.445005,1.106054,2.438317
