Format Version,1.22,Take Name,Take 2023-10-02 01.55.15 PM,Capture Frame Rate,120.000000,Export Frame Rate,120.000000,Capture Start Time,28 Dec 1969 23:33:53 +0200,Total Frames in Take,521,Total Exported Frames,521,Rotation Type,Quaternion,Length Units,Meters,Coordinate Space,Global

,,Rigid Body,Rigid Body,Rigid Body,Rigid Body,Rigid Body,Rigid Body,Rigid Body,Rigid Body,Rigid Body,Rigid Body,Rigid Body,Rigid Body,Rigid Body,Rigid Body
,,left_hand,left_hand,left_hand,left_hand,left_hand,left_hand,left_hand,right_hand,right_hand,right_hand,right_hand,right_hand,right_hand,right_hand
,,"44FD74BD377C11EE8A984076B0403D8E","44FD74BD377C11EE8A984076B0403D8E","44FD74BD377C11EE8A984076B0403D8E","44FD74BD377C11EE8A984076B0403D8E","44FD74BD377C11EE8A984076B0403D8E","44FD74BD377C11EE8A984076B0403D8E","44FD74BD377C11EE8A984076B0403D8E","5D11C736377C11EE8A984076B0403D8E","5D11C736377C11EE8A984076B0403D8E","5D11C736377C11EE8A984076B0403D8E","5D11C736377C11EE8A984076B0403D8E","5D11C736377C11EE8A984076B0403D8E","5D11C736377C11EE8A984076B0403D8E","5D11C736377C11EE8A984076B0403D8E"
,,Rotation,Rotation,Rotation,Rotation,Position,Position,Position,Rotation,Rotation,Rotation,Rotation,Position,Position,Position
Frame,Time (Seconds),X,Y,Z,W,X,Y,Z,X,Y,Z,W,X,Y,Z
0,0.000000,0.119049,-0.094043,0.033952,-0.987841,2.468934,1.212963,2.611534,0.160861,0.022487,0.009464,-0.986676,2.910801,1.212115,2.584576
1,0.008333,0.119009,-0.094066,0.033928,-0.987845,2.468952,1.212975,2.611528,0.160944,0.022487,0.009540,-0.986661,2.910749,1.212077,2.584569
2,0.016667,0.119010,-0.094087,0.033860,-0.987845,2.468974,1.212987,2.611526,0.160992,0.022491,0.009570,-0.986653,2.910700,1.212032,2.584561
3,0.025000,0.118997,-0.094093,0.033788,-0.987848,2.468998,1.212997,2.611524,0.161043,0.022524,0.009561,-0.986644,2.910653,1.211982,2.584553
4,0.033333,0.118982,-0.094073,0.033697,-0.987855,2.469024,1.213000,2.611528,0.161109,0.022568,0.009472,-0.986633,2.910606,1.211923,2.584546
5,0.041667,0.119003,-0.094063,0.033604,-0.987857,2.469046,1.213000,2.611532,0.161189,0.022611,0.009302,-0.986621,2.910566,1.211858,2.584548
6,0.050000,,,,,,,,,,,,,,
7,0.058333,,,,,,,,,,,,,,
8,0.066667,0.119060,-0.094013,0.033534,-0.987857,2.469073,1.212969,2.611571,0.161309,0.022739,0.009021,-0.986601,2.910547,1.211728,2.584563
9,0.075000,0.119025,-0.094065,0.033551,-0.987856,2.469062,1.212950,2.611585,0.161337,0.022816,0.009054,-0.986594,2.910527,1.211666,2.584565
10,0.083333,0.119018,-0.094107,0.033536,-0.987853,2.469040,1.212930,2.611601,0.161348,0.022893,0.009124,-0.986590,2.910514,1.211609,2.584571
11,0.091667,0.119041,-0.094166,0.033502,-0.987846,2.469009,1.212907,2.611619,0.161366,0.022958,0.009207,-0.986585,2.910506,1.211556,2.584584
12,0.100000,0.119102,-0.094229,0.033459,-0.987834,2.468961,1.212882,2.611641,0.161385,0.023007,0.009301,-0.986579,2.910501,1.211511,2.584603
13,0.108333,0.119151,-0.094305,0.033416,-0.987822,2.468906,1.212856,2.611665,0.161415,0.023030,0.009380,-0.986573,2.910499,1.211470,2.584628
14,0.116667,0.119214,-0.094372,0.033404,-0.987809,2.468840,1.212827,2.611693,0.161459,0.023022,0.009434,-0.986566,2.910500,1.211431,2.584657
15,0.125000,0.119264,-0.094442,0.033417,-0.987796,2.468770,1.212798,2.611722,0.161500,0.022994,0.009473,-0.986559,2.910503,1.211393,2.584689
16,0.133333,0.119312,-0.094503,0.033466,-0.987782,2.468696,1.212768,2.611758,0.161558,0.022972,0.009531,-0.986550,2.910516,1.211358,2.584721
17,0.141667,0.119352,-0.094571,0.033509,-0.987770,2.468620,1.212743,2.611795,0.161591,0.022934,0.009625,-0.986544,2.910532,1.211325,2.584760
18,0.150000,0.119396,-0.094640,0.033519,-0.987757,2.468544,1.212722,2.611837,0.161642,0.022890,0.009739,-0.986536,2.910558,1.211289,2.584799
19,0.158333,0.119455,-0.094724,0.033471,-0.987744,2.468463,1.212704,2.611876,0.161731,0.022849,0.009879,-0.986521,2.910588,1.211251,2.584834
20,0.166667,0.119540,-0.094798,0.033361,-0.987730,2.468380,1.212687,2.611919,0.161814,0.022803,0.009999,-0.986507,2.910624,1.211212,2.584866
21,0.175000,0.119639,-0.094875,0.033225,-0.987715,2.468300,1.212673,2.611961,0.161924,0.022769,0.010120,-0.986489,2.910664,1.211170,2.584897
22,0.183333,0.119724,-0.094930,0.033075,-0.987705,2.468219,1.212660,2.612005,0.162095,0.022757,0.010235,-0.986460,2.910707,1.211127,2.584919
23,0.191667,0.119820,-0.094992,0.032924,-0.987692,2.468147,1.212645,2.612050,0.162135,0.022820,0.010332,-0.986451,2.910755,1.211093,2.584935
24,0.200000,0.119866,-0.095051,0.032761,-0.987686,2.468090,1.212632,2.612085,0.162185,0.022839,0.010416,-0.986441,2.910801,1.211060,2.584948
25,0.208333,0.119938,-0.095078,0.032696,-0.987677,2.468039,1.212611,2.612133,0.162251,0.022855,0.010492,-0.986429,2.910844,1.211028,2.584962
26,0.216667,0.119987,-0.095115,0.032610,-0.987671,2.468001,1.212593,2.612169,0.162429,0.022815,0.010542,-0.986400,2.910877,1.210990,2.584981
27,0.225000,0.120057,-0.095171,0.032527,-0.987659,2.467978,1.212571,2.612206,0.162446,0.022844,0.010598,-0.986396,2.910913,1.210966,2.584988
28,0.233333,0.120236,-0.095198,0.032411,-0.987639,2.467971,1.212543,2.612248,0.162446,0.022866,0.010653,-0.986395,2.910946,1.210945,2.584994
29,0.241667,0.120374,-0.095236,0.032307,-0.987622,2.467973,1.212517,2.612287,0.162443,0.022895,0.010717,-0.986394,2.910969,1.210924,2.584995
30,0.250000,0.120426,-0.095311,0.032138,-0.987613,2.467983,1.212494,2.612324,0.162456,0.022926,0.010783,-0.986391,2.910989,1.210906,2.584993
31,0.258333,0.120522,-0.095357,0.032051,-0.987600,2.468002,1.212483,2.612350,0.162493,0.022956,0.010849,-0.986383,2.911002,1.210889,2.584989
32,0.266667,0.120549,-0.095450,0.031781,-0.987597,2.468029,1.212475,2.612376,0.162540,0.022980,0.010873,-0.986374,2.911002,1.210872,2.584980
33,0.275000,0.120565,-0.095531,0.031505,-0.987596,2.468064,1.212472,2.612395,0.162602,0.022997,0.010874,-0.986364,2.910991,1.210858,2.584967
34,0.283333,0.120635,-0.095559,0.031369,-0.987589,2.468111,1.212484,2.612403,0.162638,0.023023,0.010839,-0.986358,2.910971,1.210843,2.584951
35,0.291667,0.120670,-0.095555,0.031240,-0.987589,2.468169,1.212498,2.612412,0.162663,0.023055,0.010766,-0.986353,2.910943,1.210831,2.584931
36,0.300000,0.120608,-0.095596,0.031103,-0.987597,2.468239,1.212508,2.612424,0.162679,0.023098,0.010676,-0.986351,2.910908,1.210820,2.584907
37,0.308333,0.120599,-0.095572,0.031137,-0.987599,2.468318,1.212529,2.612429,0.162656,0.023138,0.010531,-0.986355,2.910868,1.210815,2.584882
38,0.316667,0.120522,-0.095547,0.031186,-0.987610,2.468402,1.212556,2.612432,0.162624,0.023185,0.010387,-0.986361,2.910827,1.210812,2.584854
39,0.325000,0.120446,-0.095525,0.031217,-0.987620,2.468488,1.212588,2.612433,0.162579,0.023214,0.010250,-0.986369,2.910784,1.210808,2.584824
40,0.333333,0.120352,-0.095518,0.031231,-0.987632,2.468571,1.212624,2.612429,0.162543,0.023257,0.010132,-0.986375,2.910744,1.210808,2.584790
41,0.341667,0.120277,-0.095503,0.031292,-0.987640,2.468642,1.212660,2.612432,0.162517,0.023286,0.010011,-0.986380,2.910708,1.210808,2.584755
42,0.350000,0.120212,-0.095502,0.031352,-0.987647,2.468709,1.212698,2.612427,0.162538,0.023325,0.009860,-0.986377,2.910673,1.210809,2.584720
43,0.358333,0.120145,-0.095523,0.031388,-0.987651,2.468765,1.212741,2.612414,0.162552,0.023343,0.009694,-0.986376,2.910640,1.210812,2.584685
44,0.366667,0.119949,-0.095557,0.031413,-0.987671,2.468809,1.212792,2.612389,0.162555,0.023348,0.009575,-0.986377,2.910611,1.210815,2.584654
45,0.375000,0.119802,-0.095618,0.031388,-0.987684,2.468840,1.212844,2.612362,0.162536,0.023348,0.009522,-0.986380,2.910590,1.210821,2.584624
46,0.383333,0.119713,-0.095676,0.031323,-0.987691,2.468861,1.212891,2.612332,0.162446,0.023350,0.009542,-0.986395,2.910574,1.210823,2.584596
47,0.391667,0.119645,-0.095748,0.031250,-0.987695,2.468871,1.212932,2.612299,0.162351,0.023351,0.009538,-0.986411,2.910563,1.210825,2.584573
48,0.400000,0.119596,-0.095825,0.031148,-0.987697,2.468870,1.212967,2.612265,0.162259,0.023343,0.009493,-0.986426,2.910555,1.210823,2.584554
49,0.408333,0.119546,-0.095908,0.031067,-0.987697,2.468859,1.213002,2.612234,0.162202,0.023329,0.009419,-0.986437,2.910550,1.210813,2.584536
50,0.416667,0.119495,-0.095993,0.030997,-0.987697,2.468842,1.213034,2.612206,0.162161,0.023327,0.009345,-0.986444,2.910554,1.210797,2.584516
51,0.425000,0.119450,-0.096070,0.030935,-0.987697,2.468821,1.213066,2.612181,0.162193,0.023351,0.009292,-0.986439,2.910575,1.210769,2.584499
52,0.433333,0.119407,-0.096137,0.030890,-0.987697,2.468796,1.213101,2.612159,0.162208,0.023349,0.009342,-0.986436,2.910607,1.210741,2.584484
53,0.441667,0.119368,-0.096191,0.030824,-0.987699,2.468768,1.213138,2.612141,0.162291,0.023387,0.009440,-0.986421,2.910655,1.210704,2.584472
54,0.450000,0.119360,-0.096235,0.030730,-0.987698,2.468741,1.213180,2.612127,0.162364,0.023429,0.009618,-0.986406,2.910714,1.210669,2.584464
55,0.458333,0.119374,-0.096291,0.030609,-0.987695,2.468713,1.213227,2.612114,0.162525,0.023490,0.009739,-0.986377,2.910780,1.210626,2.584463
56,0.466667,0.119437,-0.096349,0.030359,-0.987689,2.468683,1.213281,2.612101,0.162628,0.023570,0.009889,-0.986356,2.910842,1.210587,2.584462
57,0.475000,0.119534,-0.096399,0.029972,-0.987684,2.468656,1.213342,2.612088,0.162751,0.023650,0.009981,-0.986333,2.910896,1.210548,2.584466
58,0.483333,0.119633,-0.096442,0.029546,-0.987681,2.468634,1.213407,2.612082,0.162882,0.023721,0.010022,-0.986309,2.910940,1.210508,2.584473
59,0.491667,0.119729,-0.096444,0.029147,-0.987681,2.468628,1.213475,2.612078,0.162994,0.023792,0.010025,-0.986289,2.910969,1.210471,2.584483
60,0.500000,0.119773,-0.096420,0.028853,-0.987687,2.468642,1.213542,2.612080,0.163089,0.023842,0.009977,-0.986273,2.910980,1.210436,2.584496
61,0.508333,0.119785,-0.096391,0.028708,-0.987692,2.468684,1.213605,2.612090,0.163209,0.023868,0.009940,-0.986253,2.910973,1.210405,2.584512
62,0.516667,0.119734,-0.096336,0.028748,-0.987703,2.468757,1.213661,2.612103,0.163320,0.023879,0.009894,-0.986235,2.910946,1.210377,2.584529
63,0.525000,0.119639,-0.096275,0.028924,-0.987715,2.468860,1.213712,2.612116,0.163440,0.023841,0.009835,-0.986216,2.910896,1.210352,2.584546
64,0.533333,0.119541,-0.096224,0.029136,-0.987726,2.468985,1.213758,2.612126,0.163560,0.023787,0.009753,-0.986198,2.910822,1.210326,2.584562
65,0.541667,0.119477,-0.096185,0.029242,-0.987734,2.469138,1.213805,2.612134,0.163622,0.023705,0.009652,-0.986191,2.910723,1.210297,2.584574
66,0.550000,0.119451,-0.096177,0.029204,-0.987739,2.469303,1.213854,2.612132,0.163690,0.023590,0.009491,-0.986184,2.910595,1.210263,2.584584
67,0.558333,0.119494,-0.096208,0.028933,-0.987739,2.469479,1.213909,2.612117,0.163775,0.023474,0.009285,-0.986175,2.910444,1.210221,2.584589
68,0.566667,0.119603,-0.096279,0.028366,-0.987735,2.469667,1.213976,2.612088,0.163897,0.023339,0.009057,-0.986160,2.910267,1.210166,2.584591
69,0.575000,0.119716,-0.096341,0.027544,-0.987739,2.469871,1.214054,2.612051,0.164057,0.023161,0.008818,-0.986140,2.910065,1.210100,2.584594
70,0.583333,0.119876,-0.096350,0.026580,-0.987745,2.470103,1.214139,2.612012,0.164313,0.022922,0.008544,-0.986105,2.909831,1.210016,2.584586
71,0.591667,0.120047,-0.096295,0.025697,-0.987753,2.470374,1.214232,2.611970,0.164604,0.022649,0.008278,-0.986065,2.909573,1.209921,2.584582
72,0.600000,0.120080,-0.096218,0.024881,-0.987777,2.470693,1.214319,2.611937,0.164840,0.022343,0.007986,-0.986035,2.909300,1.209821,2.584584
73,0.608333,0.119989,-0.096039,0.024322,-0.987820,2.471058,1.214403,2.611910,0.165089,0.022005,0.007691,-0.986003,2.909008,1.209717,2.584587
74,0.616667,0.119756,-0.095748,0.024047,-0.987883,2.471486,1.214487,2.611887,0.165222,0.021699,0.007451,-0.985990,2.908701,1.209615,2.584583
75,0.625000,0.119474,-0.095340,0.024035,-0.987957,2.471965,1.214567,2.611884,0.165354,0.021382,0.007282,-0.985976,2.908377,1.209506,2.584579
76,0.633333,0.119204,-0.094864,0.024139,-0.988033,2.472484,1.214644,2.611902,0.165516,0.021002,0.007196,-0.985957,2.908029,1.209392,2.584579
77,0.641667,0.118943,-0.094352,0.024245,-0.988111,2.473034,1.214720,2.611929,0.165742,0.020584,0.007151,-0.985928,2.907657,1.209272,2.584581
78,0.650000,0.118735,-0.093842,0.024272,-0.988183,2.473609,1.214798,2.611970,0.166114,0.020062,0.007153,-0.985877,2.907256,1.209144,2.584592
79,0.658333,0.118636,-0.093269,0.024185,-0.988252,2.474205,1.214877,2.612030,0.166468,0.019458,0.007130,-0.985829,2.906826,1.209019,2.584610
80,0.666667,0.118591,-0.092626,0.023907,-0.988324,2.474823,1.214962,2.612083,0.166938,0.018759,0.007078,-0.985764,2.906357,1.208884,2.584637
81,0.675000,0.118975,-0.091946,0.023315,-0.988356,2.475471,1.215026,2.612137,0.167271,0.018127,0.006994,-0.985720,2.905853,1.208754,2.584662
82,0.683333,0.119357,-0.091226,0.022570,-0.988394,2.476128,1.215087,2.612191,0.167606,0.017452,0.006836,-0.985676,2.905300,1.208620,2.584690
83,0.691667,0.119606,-0.090560,0.021749,-0.988443,2.476793,1.215146,2.612241,0.168067,0.016682,0.006583,-0.985612,2.904698,1.208471,2.584725
84,0.700000,0.119780,-0.089810,0.020990,-0.988507,2.477486,1.215190,2.612295,0.168554,0.015802,0.006294,-0.985546,2.904053,1.208311,2.584768
85,0.708333,0.119848,-0.089110,0.020362,-0.988575,2.478195,1.215218,2.612362,0.169125,0.014813,0.006059,-0.985465,2.903375,1.208139,2.584807
86,0.716667,0.119654,-0.088405,0.020020,-0.988669,2.478923,1.215230,2.612423,0.169667,0.013740,0.005894,-0.985388,2.902682,1.207962,2.584858
87,0.725000,0.119366,-0.087684,0.019845,-0.988772,2.479686,1.215214,2.612484,0.170053,0.012708,0.005811,-0.985336,2.901966,1.207797,2.584897
88,0.733333,0.119031,-0.086948,0.019744,-0.988879,2.480489,1.215178,2.612535,0.170367,0.011672,0.005742,-0.985295,2.901219,1.207633,2.584936
89,0.741667,0.118808,-0.086174,0.019662,-0.988975,2.481323,1.215119,2.612588,0.170676,0.010638,0.005650,-0.985254,2.900446,1.207474,2.584975
90,0.750000,0.118895,-0.085364,0.019436,-0.989040,2.482175,1.215030,2.612651,0.171103,0.009541,0.005575,-0.985191,2.899641,1.207303,2.585020
91,0.758333,0.119089,-0.084518,0.019047,-0.989097,2.483049,1.214928,2.612704,0.171316,0.008494,0.005476,-0.985164,2.898823,1.207151,2.585050
92,0.766667,0.119223,-0.083688,0.018542,-0.989161,2.483936,1.214822,2.612729,0.171471,0.007576,0.005416,-0.985145,2.898002,1.207007,2.585071
93,0.775000,0.119429,-0.082891,0.017944,-0.989214,2.484821,1.214707,2.612742,0.171642,0.006671,0.005367,-0.985122,2.897169,1.206866,2.585080
94,0.783333,0.119703,-0.082161,0.017177,-0.989255,2.485708,1.214585,2.612745,0.172018,0.005597,0.005365,-0.985063,2.896301,1.206716,2.585096
95,0.791667,0.120032,-0.081401,0.016286,-0.989293,2.486623,1.214459,2.612733,0.172454,0.004477,0.005404,-0.984993,2.895415,1.206567,2.585124
96,0.800000,0.120285,-0.080642,0.015442,-0.989338,2.487550,1.214329,2.612716,0.172625,0.003448,0.005484,-0.984966,2.894514,1.206438,2.585144
97,0.808333,0.120570,-0.079900,0.014657,-0.989376,2.488503,1.214184,2.612698,0.172718,0.002365,0.005514,-0.984953,2.893581,1.206320,2.585167
98,0.816667,0.120673,-0.079130,0.014006,-0.989434,2.489488,1.214036,2.612674,0.172832,0.001195,0.005518,-0.984935,2.892608,1.206209,2.585188
99,0.825000,0.120589,-0.078305,0.013542,-0.989517,2.490498,1.213883,2.612657,0.173075,-0.000065,0.005572,-0.984893,2.891591,1.206097,2.585213
100,0.833333,0.120369,-0.077383,0.013270,-0.989620,2.491539,1.213727,2.612642,0.173231,-0.001347,0.005640,-0.984864,2.890552,1.206003,2.585229
101,0.841667,0.120136,-0.076417,0.013178,-0.989724,2.492628,1.213576,2.612624,0.173305,-0.002724,0.005713,-0.984848,2.889473,1.205931,2.585250
102,0.850000,0.119962,-0.075464,0.013130,-0.989819,2.493741,1.213425,2.612607,0.173427,-0.004073,0.005751,-0.984822,2.888361,1.205872,2.585265
103,0.858333,0.119808,-0.074450,0.013095,-0.989915,2.494863,1.213274,2.612581,0.173564,-0.005440,0.005783,-0.984791,2.887235,1.205828,2.585271
104,0.866667,0.119735,-0.073350,0.013022,-0.990007,2.496003,1.213122,2.612548,0.173633,-0.006840,0.005816,-0.984769,2.886102,1.205803,2.585271
105,0.875000,0.119711,-0.072245,0.012852,-0.990093,2.497154,1.212971,2.612506,0.173634,-0.008200,0.005783,-0.984759,2.884958,1.205796,2.585269
106,0.883333,0.119657,-0.071079,0.012700,-0.990186,2.498294,1.212824,2.612461,0.173653,-0.009534,0.005733,-0.984744,2.883818,1.205801,2.585275
107,0.891667,0.119707,-0.069833,0.012517,-0.990271,2.499434,1.212674,2.612410,0.173584,-0.010843,0.005668,-0.984743,2.882689,1.205820,2.585258
108,0.900000,0.119868,-0.068610,0.012385,-0.990339,2.500567,1.212515,2.612363,0.173557,-0.012086,0.005633,-0.984734,2.881571,1.205847,2.585232
109,0.908333,0.120049,-0.067391,0.012284,-0.990402,2.501702,1.212353,2.612314,0.173599,-0.013294,0.005617,-0.984711,2.880470,1.205876,2.585199
110,0.916667,0.120188,-0.066188,0.012226,-0.990467,2.502824,1.212188,2.612261,0.173521,-0.014528,0.005657,-0.984707,2.879395,1.205922,2.585159
111,0.925000,0.120329,-0.064945,0.012236,-0.990532,2.503926,1.212008,2.612212,0.173537,-0.015724,0.005702,-0.984685,2.878354,1.205965,2.585111
112,0.933333,0.120441,-0.063729,0.012296,-0.990596,2.505021,1.211818,2.612174,0.173527,-0.016860,0.005827,-0.984668,2.877344,1.206017,2.585051
113,0.941667,0.120515,-0.062675,0.012393,-0.990654,2.506089,1.211621,2.612130,0.173673,-0.018041,0.005962,-0.984620,2.876347,1.206061,2.584968
114,0.950000,0.120635,-0.061657,0.012457,-0.990702,2.507134,1.211416,2.612082,0.173988,-0.019267,0.006050,-0.984541,2.875353,1.206092,2.584882
115,0.958333,0.120865,-0.060560,0.012405,-0.990742,2.508151,1.211197,2.612035,0.174315,-0.020461,0.006125,-0.984458,2.874377,1.206128,2.584793
116,0.966667,0.121196,-0.059509,0.012255,-0.990767,2.509120,1.210971,2.611986,0.174812,-0.021665,0.006141,-0.984344,2.873426,1.206149,2.584701
117,0.975000,0.121634,-0.058536,0.012043,-0.990774,2.510043,1.210739,2.611928,0.175486,-0.022882,0.006304,-0.984196,2.872513,1.206160,2.584597
118,0.983333,0.122202,-0.057572,0.011814,-0.990764,2.510930,1.210496,2.611863,0.176205,-0.024081,0.006632,-0.984037,2.871636,1.206169,2.584486
119,0.991667,0.122740,-0.056622,0.011615,-0.990754,2.511775,1.210253,2.611786,0.177101,-0.025281,0.007122,-0.983842,2.870781,1.206169,2.584373
120,1.000000,0.123250,-0.055723,0.011495,-0.990743,2.512573,1.210011,2.611706,0.178106,-0.026449,0.007681,-0.983626,2.869974,1.206167,2.584250
121,1.008333,0.123781,-0.054911,0.011480,-0.990723,2.513323,1.209764,2.611631,0.179053,-0.027603,0.008322,-0.983417,2.869212,1.206170,2.584120
122,1.016667,0.124270,-0.054143,0.011595,-0.990702,2.514022,1.209518,2.611554,0.180038,-0.028695,0.009102,-0.983199,2.868492,1.206167,2.583982
123,1.025000,0.124843,-0.053396,0.011857,-0.990668,2.514683,1.209278,2.611468,0.181078,-0.029727,0.009902,-0.982970,2.867813,1.206158,2.583832
124,1.033333,0.125382,-0.052730,0.012197,-0.990631,2.515300,1.209050,2.611366,0.182139,-0.030689,0.010751,-0.982735,2.867169,1.206153,2.583666
125,1.041667,0.125875,-0.052213,0.012533,-0.990592,2.515869,1.208835,2.611244,0.183368,-0.031510,0.011598,-0.982471,2.866575,1.206133,2.583485
126,1.050000,0.126277,-0.051846,0.012869,-0.990556,2.516382,1.208634,2.611098,0.184738,-0.032251,0.012435,-0.982180,2.866028,1.206106,2.583284
127,1.058333,0.126750,-0.051607,0.013075,-0.990505,2.516840,1.208442,2.610930,0.186159,-0.032933,0.013239,-0.981878,2.865528,1.206083,2.583058
128,1.066667,0.127396,-0.051457,0.013067,-0.990430,2.517247,1.208259,2.610737,0.187756,-0.033624,0.013927,-0.981541,2.865067,1.206057,2.582808
129,1.075000,0.128130,-0.051387,0.012883,-0.990341,2.517608,1.208087,2.610516,0.189467,-0.034220,0.014529,-0.981183,2.864645,1.206032,2.582529
130,1.083333,0.128916,-0.051363,0.012576,-0.990245,2.517927,1.207923,2.610267,0.191171,-0.034668,0.015056,-0.980829,2.864263,1.206014,2.582218
131,1.091667,0.129750,-0.051352,0.012209,-0.990141,2.518216,1.207770,2.609994,0.192817,-0.035013,0.015451,-0.980488,2.863921,1.206003,2.581876
132,1.100000,0.130608,-0.051378,0.011870,-0.990031,2.518482,1.207625,2.609692,0.194467,-0.035267,0.015741,-0.980149,2.863613,1.205993,2.581504
133,1.108333,0.131616,-0.051449,0.011604,-0.989897,2.518736,1.207481,2.609363,0.196153,-0.035469,0.015916,-0.979802,2.863329,1.205988,2.581097
134,1.116667,0.132705,-0.051578,0.011446,-0.989746,2.518975,1.207341,2.609006,0.197954,-0.035643,0.015939,-0.979434,2.863066,1.205984,2.580647
135,1.125000,0.133806,-0.051724,0.011391,-0.989591,2.519201,1.207206,2.608612,0.199733,-0.035811,0.015760,-0.979069,2.862821,1.205997,2.580145
136,1.133333,0.134993,-0.051868,0.011424,-0.989422,2.519419,1.207076,2.608180,0.201560,-0.035904,0.015549,-0.978694,2.862582,1.206019,2.579591
137,1.141667,0.136208,-0.052032,0.011546,-0.989246,2.519630,1.206953,2.607696,0.203408,-0.035869,0.015227,-0.978318,2.862357,1.206058,2.578972
138,1.150000,0.137559,-0.052218,0.011730,-0.989047,2.519840,1.206840,2.607153,0.205296,-0.035776,0.014852,-0.977933,2.862129,1.206122,2.578278
139,1.158333,0.139043,-0.052373,0.011934,-0.988828,2.520045,1.206734,2.606545,0.207477,-0.035704,0.014426,-0.977482,2.861890,1.206206,2.577516
140,1.166667,0.140705,-0.052523,0.012091,-0.988584,2.520241,1.206647,2.605866,0.209913,-0.035656,0.013968,-0.976970,2.861641,1.206304,2.576685
141,1.175000,0.142483,-0.052746,0.012043,-0.988317,2.520420,1.206595,2.605097,0.212536,-0.035628,0.013563,-0.976409,2.861387,1.206426,2.575780
142,1.183333,0.144317,-0.053021,0.011873,-0.988039,2.520572,1.206573,2.604226,0.215309,-0.035586,0.013298,-0.975807,2.861146,1.206575,2.574796
143,1.191667,0.146448,-0.053302,0.011573,-0.987714,2.520703,1.206575,2.603245,0.218238,-0.035467,0.013317,-0.975160,2.860928,1.206748,2.573723
144,1.200000,0.148486,-0.053606,0.011233,-0.987397,2.520840,1.206616,2.602106,0.221490,-0.035260,0.013626,-0.974430,2.860744,1.206946,2.572539
145,1.208333,0.150630,-0.054013,0.011100,-0.987051,2.520970,1.206692,2.600786,0.225133,-0.034910,0.014429,-0.973596,2.860607,1.207156,2.571228
146,1.216667,0.153032,-0.054508,0.011145,-0.986654,2.521092,1.206797,2.599266,0.229152,-0.034356,0.015782,-0.972656,2.860528,1.207364,2.569744
147,1.225000,0.155757,-0.055043,0.011485,-0.986194,2.521218,1.206927,2.597512,0.233615,-0.033634,0.017702,-0.971586,2.860505,1.207558,2.568038
148,1.233333,0.158516,-0.055565,0.012029,-0.985718,2.521327,1.207103,2.595508,0.238288,-0.032833,0.020069,-0.970432,2.860529,1.207727,2.566074
149,1.241667,0.161333,-0.056066,0.012514,-0.985227,2.521425,1.207344,2.593195,0.242620,-0.032028,0.023005,-0.969320,2.860587,1.207890,2.563782
150,1.250000,0.164222,-0.056631,0.012620,-0.984716,2.521469,1.207662,2.590541,0.246748,-0.031238,0.026434,-0.968215,2.860682,1.208032,2.561156
151,1.258333,0.167176,-0.057313,0.011942,-0.984187,2.521446,1.208069,2.587494,0.250614,-0.030361,0.030400,-0.967133,2.860814,1.208160,2.558157
152,1.266667,0.170096,-0.058223,0.010668,-0.983648,2.521345,1.208585,2.584028,0.254050,-0.029157,0.035014,-0.966117,2.860993,1.208321,2.554713
153,1.275000,0.173113,-0.059295,0.009138,-0.983073,2.521167,1.209237,2.580117,0.257401,-0.027698,0.039993,-0.965079,2.861215,1.208527,2.550826
154,1.283333,0.176265,-0.060545,0.007459,-0.982451,2.520918,1.210043,2.575737,0.260857,-0.026201,0.045074,-0.963969,2.861463,1.208839,2.546506
155,1.291667,0.179415,-0.062007,0.005604,-0.981801,2.520625,1.211042,2.570881,0.264278,-0.024624,0.050055,-0.962832,2.861710,1.209308,2.541752
156,1.300000,0.182826,-0.063591,0.003983,-0.981079,2.520286,1.212287,2.565561,0.267548,-0.023018,0.054598,-0.961721,2.861919,1.209989,2.536576
157,1.308333,0.186562,-0.065201,0.002708,-0.980274,2.519909,1.213831,2.559821,0.270659,-0.021503,0.058261,-0.960670,2.862055,1.210970,2.531021
158,1.316667,0.190391,-0.066828,0.001785,-0.979430,2.519489,1.215741,2.553682,0.273672,-0.020217,0.060867,-0.959682,2.862080,1.212332,2.525146
159,1.325000,0.194214,-0.068425,0.001027,-0.978569,2.519027,1.218092,2.547186,0.276356,-0.019189,0.062287,-0.958843,2.862011,1.214184,2.519002
160,1.333333,0.197968,-0.070013,0.000369,-0.977705,2.518542,1.220961,2.540403,0.278504,-0.018464,0.062841,-0.958199,2.861854,1.216625,2.512641
161,1.341667,0.201381,-0.071634,-0.000264,-0.976890,2.518020,1.224440,2.533413,0.279694,-0.017834,0.063221,-0.957840,2.861652,1.219748,2.506102
162,1.350000,0.203982,-0.073345,-0.001133,-0.976223,2.517469,1.228619,2.526288,0.280137,-0.017453,0.064171,-0.957654,2.861441,1.223635,2.499454
163,1.358333,0.205648,-0.075044,-0.002295,-0.975742,2.516892,1.233605,2.519096,0.279478,-0.017328,0.066282,-0.957705,2.861284,1.228379,2.492737
164,1.366667,0.206189,-0.076728,-0.003886,-0.975492,2.516297,1.239494,2.511943,0.277151,-0.017448,0.070113,-0.958106,2.861204,1.234069,2.486008
165,1.375000,0.205327,-0.078401,-0.006100,-0.975529,2.515702,1.246366,2.504932,0.273088,-0.017762,0.076216,-0.958801,2.861228,1.240781,2.479348
166,1.383333,0.202826,-0.080045,-0.009053,-0.975896,2.515090,1.254314,2.498180,0.267255,-0.018180,0.084778,-0.959717,2.861380,1.248594,2.472851
167,1.391667,0.198405,-0.081639,-0.012839,-0.976630,2.514476,1.263412,2.491786,0.259411,-0.018525,0.095202,-0.960885,2.861643,1.257582,2.466612
168,1.400000,0.191658,-0.083078,-0.017729,-0.977779,2.513866,1.273699,2.485884,0.249352,-0.018911,0.106072,-0.962401,2.861949,1.267811,2.460742
169,1.408333,0.182224,-0.084334,-0.023836,-0.979344,2.513250,1.285188,2.480607,0.236721,-0.019584,0.115708,-0.964464,2.862204,1.279340,2.455356
170,1.416667,0.169759,-0.085565,-0.031014,-0.981274,2.512614,1.297850,2.476085,0.221044,-0.020482,0.123073,-0.967250,2.862376,1.292207,2.450583
171,1.425000,0.153899,-0.086867,-0.038878,-0.983493,2.511950,1.311609,2.472414,0.201908,-0.021389,0.128103,-0.970755,2.862458,1.306381,2.446566
172,1.433333,0.134292,-0.088243,-0.046973,-0.985887,2.511280,1.326351,2.469693,0.178984,-0.022144,0.131644,-0.974753,2.862479,1.321772,2.443441
173,1.441667,0.110603,-0.089782,-0.054824,-0.988282,2.510626,1.341936,2.468019,0.151850,-0.022930,0.134780,-0.978903,2.862494,1.338259,2.441324
174,1.450000,0.082748,-0.091584,-0.062193,-0.990402,2.509986,1.358200,2.467497,0.120649,-0.023796,0.138940,-0.982636,2.862574,1.355690,2.440322
175,1.458333,0.050888,-0.093394,-0.069227,-0.991915,2.509378,1.374973,2.468195,0.085906,-0.024629,0.145154,-0.985365,2.862786,1.373855,2.440519
176,1.466667,0.015190,-0.095127,-0.076049,-0.992440,2.508769,1.392072,2.470215,0.048496,-0.025659,0.153746,-0.986586,2.863139,1.392531,2.441981
177,1.475000,-0.024157,-0.096671,-0.082948,-0.991560,2.508126,1.409320,2.473594,0.009178,-0.027276,0.164270,-0.985995,2.863612,1.411509,2.444732
178,1.483333,-0.066545,-0.098219,-0.090495,-0.988805,2.507448,1.426489,2.478340,-0.031679,-0.029707,0.175798,-0.983468,2.864155,1.430571,2.448784
179,1.491667,-0.111499,-0.099661,-0.098613,-0.983825,2.506756,1.443338,2.484422,-0.074015,-0.032960,0.187511,-0.978915,2.864728,1.449507,2.454153
180,1.500000,-0.158678,-0.100744,-0.106822,-0.976351,2.506049,1.459628,2.491787,-0.117959,-0.036968,0.198608,-0.972252,2.865291,1.468107,2.460843
181,1.508333,-0.207780,-0.101277,-0.114784,-0.966124,2.505315,1.475115,2.500357,-0.163796,-0.041831,0.208596,-0.963280,2.865785,1.486152,2.468834
182,1.516667,-0.257790,-0.101322,-0.121616,-0.953146,2.504593,1.489568,2.510001,-0.211372,-0.047776,0.216662,-0.951891,2.866172,1.503430,2.478073
183,1.525000,-0.307858,-0.101086,-0.127084,-0.937473,2.503905,1.502819,2.520525,-0.260207,-0.054886,0.222515,-0.937959,2.866451,1.519735,2.488486
184,1.533333,-0.357232,-0.100738,-0.130787,-0.919311,2.503266,1.514740,2.531687,-0.308898,-0.063046,0.226221,-0.921646,2.866590,1.534880,2.499894
185,1.541667,-0.405461,-0.100421,-0.132601,-0.898851,2.502691,1.525225,2.543236,-0.356005,-0.071901,0.227966,-0.903395,2.866588,1.548726,2.512074
186,1.550000,-0.452108,-0.099881,-0.132598,-0.876379,2.502184,1.534219,2.554947,-0.400678,-0.081028,0.227516,-0.883815,2.866448,1.561194,2.524790
187,1.558333,-0.496433,-0.099050,-0.130275,-0.852509,2.501715,1.541722,2.566602,-0.442531,-0.090242,0.224466,-0.863503,2.866160,1.572194,2.537822
188,1.566667,-0.536017,-0.097462,-0.126493,-0.828967,2.501275,1.547744,2.577948,-0.481867,-0.099116,0.218520,-0.842751,2.865720,1.581630,2.550938
189,1.575000,-0.571890,-0.095746,-0.121791,-0.805569,2.500787,1.552422,2.588886,-0.518681,-0.107450,0.210238,-0.821721,2.865160,1.589449,2.563965
190,1.583333,-0.604817,-0.094174,-0.116810,-0.782102,2.500153,1.555896,2.599365,-0.552945,-0.114922,0.200608,-0.800500,2.864532,1.595612,2.576711
191,1.591667,-0.634153,-0.092049,-0.112460,-0.759428,2.499330,1.558258,2.609314,-0.584457,-0.120890,0.190832,-0.779345,2.863911,1.600175,2.588990
192,1.600000,-0.660111,-0.089408,-0.109399,-0.737761,2.498229,1.559633,2.618712,-0.612860,-0.125072,0.182057,-0.758693,2.863368,1.603226,2.600640
193,1.608333,-0.682802,-0.086366,-0.108053,-0.717389,2.496844,1.560101,2.627541,-0.638266,-0.127676,0.174901,-0.738732,2.862975,1.604882,2.611534
194,1.616667,-0.702652,-0.082934,-0.108303,-0.698335,2.495204,1.559725,2.635767,-0.660527,-0.129744,0.169724,-0.719767,2.862774,1.605268,2.621578
195,1.625000,-0.719815,-0.079022,-0.109878,-0.680844,2.493399,1.558549,2.643381,-0.679509,-0.132367,0.166881,-0.702066,2.862790,1.604508,2.630718
196,1.633333,-0.734536,-0.074667,-0.112212,-0.665049,2.491524,1.556605,2.650368,-0.695348,-0.136065,0.166161,-0.685834,2.863031,1.602743,2.638911
197,1.641667,-0.747704,-0.070359,-0.114277,-0.650330,2.489637,1.553938,2.656725,-0.708435,-0.141035,0.167302,-0.670998,2.863492,1.600096,2.646176
198,1.650000,-0.759402,-0.065627,-0.115844,-0.636854,2.487784,1.550578,2.662493,-0.719156,-0.147359,0.169719,-0.657492,2.864115,1.596656,2.652532
199,1.658333,-0.769705,-0.060018,-0.116791,-0.624750,2.486004,1.546575,2.667707,-0.727744,-0.154851,0.172775,-0.645414,2.864838,1.592521,2.658012
200,1.666667,-0.778663,-0.053830,-0.116753,-0.614129,2.484361,1.542011,2.672352,-0.734597,-0.162975,0.175997,-0.634690,2.865591,1.587766,2.662660
201,1.675000,-0.786019,-0.047557,-0.115624,-0.605428,2.482885,1.537009,2.676435,-0.739929,-0.171067,0.178668,-0.625555,2.866313,1.582464,2.666532
202,1.683333,-0.791526,-0.041569,-0.113405,-0.599081,2.481604,1.531688,2.679968,-0.743963,-0.178559,0.180324,-0.618158,2.866943,1.576684,2.669694
203,1.691667,-0.794993,-0.036024,-0.110119,-0.595452,2.480539,1.526135,2.682942,-0.746772,-0.185155,0.180799,-0.612667,2.867440,1.570503,2.672220
204,1.700000,-0.796428,-0.031153,-0.106119,-0.594534,2.479706,1.520409,2.685352,-0.748449,-0.190688,0.179707,-0.609235,2.867775,1.563995,2.674161
205,1.708333,-0.795919,-0.026735,-0.101697,-0.596201,2.479070,1.514511,2.687270,-0.749084,-0.195197,0.176821,-0.607870,2.867961,1.557220,2.675583
206,1.716667,-0.793633,-0.022185,-0.097187,-0.600174,2.478567,1.508411,2.688769,-0.748744,-0.198873,0.172002,-0.608479,2.868023,1.550234,2.676543
207,1.725000,-0.789999,-0.017351,-0.093194,-0.605736,2.478170,1.502085,2.689886,-0.747559,-0.202034,0.165265,-0.610758,2.867992,1.543077,2.677084
208,1.733333,-0.785398,-0.012220,-0.089883,-0.612309,2.477840,1.495489,2.690699,-0.745718,-0.204789,0.156516,-0.614385,2.867883,1.535760,2.677254
209,1.741667,-0.779945,-0.006722,-0.087036,-0.619730,2.477561,1.488590,2.691237,-0.743405,-0.207272,0.145636,-0.619013,2.867721,1.528274,2.677095
210,1.750000,-0.773629,-0.001084,-0.084505,-0.627978,2.477329,1.481428,2.691525,-0.740751,-0.209739,0.132943,-0.624199,2.867573,1.520618,2.676672
211,1.758333,-0.766220,0.004806,-0.082080,-0.637297,2.477146,1.474019,2.691586,-0.737727,-0.212022,0.118985,-0.629800,2.867477,1.512793,2.676006
212,1.766667,-0.757382,0.011188,-0.079711,-0.647992,2.476993,1.466362,2.691443,-0.734089,-0.214059,0.104619,-0.635883,2.867456,1.504810,2.675116
213,1.775000,-0.747416,0.017781,-0.077278,-0.659607,2.476869,1.458450,2.691138,-0.729500,-0.215666,0.090742,-0.642716,2.867537,1.496670,2.674021
214,1.783333,-0.736761,0.024232,-0.074981,-0.671546,2.476752,1.450268,2.690710,-0.723662,-0.216652,0.078166,-0.650589,2.867713,1.488351,2.672757
215,1.791667,-0.725420,0.030491,-0.072990,-0.683746,2.476658,1.441800,2.690202,-0.716508,-0.217222,0.067721,-0.659427,2.867977,1.479832,2.671347
216,1.800000,-0.713503,0.036179,-0.071145,-0.696091,2.476606,1.433043,2.689661,-0.708145,-0.217878,0.059646,-0.668956,2.868293,1.471073,2.669834
217,1.808333,-0.700898,0.040880,-0.069357,-0.708703,2.476594,1.424032,2.689102,-0.698634,-0.218777,0.053003,-0.679145,2.868574,1.462041,2.668283
218,1.816667,-0.687279,0.044869,-0.067865,-0.721823,2.476613,1.414773,2.688529,-0.687952,-0.220145,0.046564,-0.689993,2.868721,1.452680,2.666728
219,1.825000,-0.672611,0.048529,-0.066820,-0.735373,2.476604,1.405279,2.687986,-0.676263,-0.222536,0.040034,-0.701102,2.868726,1.442974,2.665222
220,1.833333,-0.656816,0.051977,-0.066252,-0.749334,2.476541,1.395553,2.687486,-0.663504,-0.226355,0.032873,-0.712352,2.868565,1.432899,2.663789
221,1.841667,-0.640077,0.055143,-0.066453,-0.763443,2.476396,1.385654,2.687071,-0.649298,-0.231607,0.024388,-0.724000,2.868224,1.422438,2.662392
222,1.850000,-0.623016,0.057682,-0.067625,-0.777142,2.476126,1.375660,2.686791,-0.633445,-0.237977,0.014580,-0.736140,2.867742,1.411597,2.661010
223,1.858333,-0.605322,0.059515,-0.070312,-0.790632,2.475721,1.365628,2.686653,-0.615631,-0.245145,0.004084,-0.748923,2.867223,1.400388,2.659623
224,1.866667,-0.586047,0.060603,-0.075043,-0.804515,2.475183,1.355622,2.686639,-0.595850,-0.252868,-0.005928,-0.762224,2.866804,1.388839,2.658205
225,1.875000,-0.565025,0.060562,-0.081683,-0.818784,2.474585,1.345694,2.686731,-0.573602,-0.260615,-0.014780,-0.776429,2.866553,1.376962,2.656706
226,1.883333,-0.542296,0.059149,-0.089830,-0.833275,2.473966,1.335873,2.686910,-0.548555,-0.267777,-0.022022,-0.791769,2.866514,1.364772,2.655092
227,1.891667,-0.517671,0.056522,-0.098893,-0.847964,2.473396,1.326163,2.687153,-0.520758,-0.274008,-0.026897,-0.808088,2.866781,1.352288,2.653360
228,1.900000,-0.489475,0.053588,-0.108950,-0.863523,2.472836,1.316653,2.687454,-0.489723,-0.278980,-0.028929,-0.825533,2.867408,1.339542,2.651448
229,1.908333,-0.459704,0.048728,-0.118183,-0.878823,2.472470,1.307289,2.687688,-0.454669,-0.282586,-0.027397,-0.844198,2.868393,1.326605,2.649297
230,1.916667,-0.428616,0.041835,-0.125711,-0.893719,2.472391,1.298067,2.687796,-0.413474,-0.285470,-0.020838,-0.864357,2.869802,1.313598,2.646878
231,1.925000,-0.394000,0.034559,-0.131407,-0.909012,2.472534,1.289055,2.687765,-0.365821,-0.286841,-0.008849,-0.885336,2.871571,1.300544,2.644088
232,1.933333,-0.355731,0.027492,-0.134270,-0.924484,2.472949,1.280203,2.687541,-0.312104,-0.285856,0.008082,-0.905987,2.873579,1.287429,2.640922
233,1.941667,-0.313710,0.021379,-0.133460,-0.939850,2.473648,1.271441,2.687103,-0.253017,-0.282467,0.028614,-0.924866,2.875736,1.274231,2.637570
234,1.950000,-0.268029,0.016745,-0.128276,-0.954686,2.474633,1.262716,2.686454,-0.190963,-0.277055,0.049795,-0.940369,2.877885,1.260921,2.634367
235,1.958333,-0.218961,0.013729,-0.117873,-0.968490,2.475879,1.254003,2.685614,-0.128680,-0.271584,0.067709,-0.951367,2.879894,1.247606,2.631776
236,1.966667,-0.166657,0.011867,-0.102567,-0.980594,2.477358,1.245300,2.684618,-0.069768,-0.268540,0.078661,-0.957513,2.881618,1.234542,2.630232
237,1.975000,-0.111810,0.011157,-0.083735,-0.990133,2.478983,1.236622,2.683529,-0.017522,-0.269403,0.080089,-0.959531,2.882892,1.222032,2.630001
238,1.983333,-0.055907,0.012083,-0.063126,-0.996365,2.480564,1.228023,2.682457,0.027639,-0.274012,0.072093,-0.958622,2.883655,1.210332,2.631058
239,1.991667,-0.001076,0.014230,-0.043738,-0.998941,2.481886,1.219609,2.681539,0.067071,-0.280083,0.057600,-0.955896,2.884003,1.199590,2.633112
240,2.000000,0.051028,0.016007,-0.028904,-0.998150,2.482776,1.211539,2.680828,0.102885,-0.284596,0.040958,-0.952230,2.884145,1.189843,2.635776
241,2.008333,0.099608,0.015593,-0.021265,-0.994677,2.483083,1.204014,2.680285,0.137062,-0.285500,0.026212,-0.948165,2.884288,1.181060,2.638689
242,2.016667,0.143824,0.011907,-0.022440,-0.989277,2.482680,1.197182,2.679837,0.170813,-0.282442,0.015707,-0.943824,2.884575,1.173156,2.641603
243,2.025000,0.183017,0.004604,-0.032441,-0.982564,2.481562,1.191078,2.679415,0.204696,-0.276498,0.010259,-0.938906,2.885086,1.166071,2.644400
244,2.033333,0.216880,-0.005843,-0.050028,-0.974898,2.479812,1.185687,2.679005,0.238086,-0.268949,0.009883,-0.933212,2.885835,1.159756,2.647078
245,2.041667,0.245810,-0.018414,-0.073180,-0.966376,2.477609,1.180965,2.678624,0.269515,-0.260976,0.014162,-0.926851,2.886786,1.154188,2.649695
246,2.050000,0.270296,-0.031577,-0.098696,-0.957184,2.475206,1.176864,2.678286,0.296987,-0.253686,0.022489,-0.920291,2.887891,1.149409,2.652297
247,2.058333,0.290697,-0.043757,-0.123218,-0.947838,2.472897,1.173348,2.678000,0.318554,-0.247914,0.033939,-0.914281,2.889100,1.145488,2.654870
248,2.066667,0.307515,-0.053568,-0.143635,-0.939114,2.470970,1.170408,2.677779,0.333788,-0.243254,0.047937,-0.909459,2.890407,1.142426,2.657346
249,2.075000,0.320929,-0.059985,-0.157679,-0.931957,2.469647,1.168059,2.677636,0.343570,-0.237970,0.064878,-0.906157,2.891863,1.140140,2.659618
250,2.083333,0.330832,-0.063044,-0.164354,-0.927127,2.469034,1.166306,2.677555,0.348601,-0.230206,0.085091,-0.904567,2.893531,1.138540,2.661592
251,2.091667,0.336908,-0.063419,-0.164102,-0.924955,2.469094,1.165165,2.677516,0.349627,-0.219139,0.108022,-0.904472,2.895432,1.137550,2.663228
252,2.100000,0.338786,-0.062032,-0.159013,-0.925252,2.469701,1.164641,2.677496,0.347139,-0.205197,0.132415,-0.905459,2.897521,1.137120,2.664520
253,2.108333,0.336495,-0.060211,-0.151900,-0.927401,2.470691,1.164723,2.677445,0.341477,-0.189082,0.156821,-0.907220,2.899760,1.137198,2.665497
254,2.116667,0.330608,-0.059031,-0.145121,-0.930674,2.471870,1.165374,2.677312,0.333193,-0.171208,0.180383,-0.909468,2.902122,1.137718,2.666207
255,2.125000,0.321696,-0.059040,-0.140078,-0.934561,2.473080,1.166508,2.677055,0.322814,-0.151887,0.202908,-0.911893,2.904561,1.138583,2.666708
256,2.133333,0.310566,-0.060317,-0.137458,-0.938625,2.474243,1.168042,2.676631,0.311078,-0.131704,0.224409,-0.914071,2.907018,1.139704,2.667044
257,2.141667,0.298221,-0.062449,-0.137078,-0.942536,2.475311,1.169904,2.675979,0.298328,-0.111378,0.244935,-0.915752,2.909443,1.141037,2.667249
258,2.150000,0.285471,-0.064963,-0.138737,-0.946065,2.476289,1.172002,2.675107,0.284714,-0.091712,0.264230,-0.916902,2.911781,1.142533,2.667347
259,2.158333,0.272923,-0.067442,-0.141925,-0.949116,2.477241,1.174245,2.674058,0.270512,-0.073278,0.281995,-0.917569,2.913974,1.144151,2.667344
260,2.166667,0.261009,-0.069457,-0.145376,-0.951796,2.478241,1.176562,2.672846,0.256328,-0.056352,0.298026,-0.917770,2.915968,1.145859,2.667231
261,2.175000,0.249759,-0.070664,-0.147840,-0.954343,2.479352,1.178904,2.671499,0.243022,-0.041155,0.312078,-0.917526,2.917691,1.147616,2.666987
262,2.183333,0.238962,-0.070938,-0.148210,-0.957026,2.480641,1.181229,2.670051,0.231215,-0.027714,0.323788,-0.917024,2.919096,1.149392,2.666586
263,2.191667,0.228261,-0.070410,-0.145772,-0.960047,2.482151,1.183500,2.668549,0.221261,-0.016107,0.332704,-0.916565,2.920154,1.151166,2.666003
264,2.200000,0.217086,-0.069236,-0.140450,-0.963511,2.483877,1.185704,2.667044,0.213251,-0.006420,0.338816,-0.916344,2.920854,1.152930,2.665230
265,2.208333,0.205055,-0.067571,-0.132778,-0.967345,2.485781,1.187826,2.665557,0.207095,0.001307,0.342388,-0.916450,2.921202,1.154677,2.664277
266,2.216667,0.192315,-0.065713,-0.123616,-0.971296,2.487807,1.189859,2.664078,0.202453,0.006972,0.343576,-0.917017,2.921217,1.156400,2.663161
267,2.225000,0.179262,-0.064094,-0.113954,-0.975075,2.489889,1.191804,2.662606,0.198834,0.010679,0.342721,-0.918092,2.920944,1.158087,2.661902
268,2.233333,0.166333,-0.062853,-0.104635,-0.978486,2.491934,1.193668,2.661121,0.195907,0.012845,0.340440,-0.919541,2.920441,1.159721,2.660532
269,2.241667,0.154303,-0.061650,-0.096301,-0.981385,2.493876,1.195459,2.659555,0.193566,0.014127,0.337544,-0.921085,2.919780,1.161271,2.659087
270,2.250000,0.143889,-0.060596,-0.089645,-0.983661,2.495683,1.197168,2.657914,0.191757,0.015157,0.334722,-0.922475,2.919024,1.162709,2.657596
271,2.258333,0.135363,-0.059735,-0.084723,-0.985358,2.497340,1.198791,2.656197,0.190464,0.016279,0.332120,-0.923664,2.918214,1.164024,2.656063
272,2.266667,0.129044,-0.058871,-0.081102,-0.986562,2.498859,1.200328,2.654377,0.189761,0.017565,0.329587,-0.924692,2.917367,1.165203,2.654485
273,2.275000,0.124987,-0.058066,-0.078420,-0.987348,2.500261,1.201775,2.652470,0.189722,0.018786,0.326918,-0.925623,2.916480,1.166249,2.652876
274,2.283333,0.122896,-0.057346,-0.076270,-0.987821,2.501573,1.203126,2.650496,0.190251,0.019706,0.323804,-0.926589,2.915561,1.167191,2.651238
275,2.291667,0.122518,-0.056793,-0.074198,-0.988058,2.502819,1.204385,2.648483,0.191252,0.020183,0.319912,-0.927724,2.914617,1.168051,2.649572
276,2.300000,0.123360,-0.056369,-0.071909,-0.988147,2.504011,1.205557,2.646463,0.192849,0.020151,0.315163,-0.929019,2.913644,1.168833,2.647888
277,2.308333,0.124819,-0.056107,-0.069478,-0.988152,2.505170,1.206652,2.644478,0.195030,0.019733,0.309486,-0.930480,2.912657,1.169564,2.646198
278,2.316667,0.126406,-0.055967,-0.066869,-0.988138,2.506305,1.207690,2.642565,0.197500,0.019103,0.302955,-0.932120,2.911670,1.170269,2.644531
279,2.325000,0.127804,-0.055781,-0.063915,-0.988165,2.507421,1.208676,2.640757,0.199835,0.018438,0.295909,-0.933897,2.910713,1.170978,2.642912
280,2.333333,0.128643,-0.055410,-0.060400,-0.988298,2.508534,1.209625,2.639063,0.201635,0.017777,0.288798,-0.935747,2.909836,1.171722,2.641371
281,2.341667,0.129066,-0.054703,-0.056247,-0.988527,2.509646,1.210535,2.637496,0.202642,0.017201,0.282267,-0.937532,2.909069,1.172511,2.639941
282,2.350000,0.129135,-0.053707,-0.051588,-0.988827,2.510746,1.211410,2.636057,0.202883,0.016932,0.276911,-0.939080,2.908427,1.173347,2.638622
283,2.358333,0.128819,-0.052643,-0.046730,-0.989167,2.511815,1.212257,2.634748,0.202575,0.017120,0.272994,-0.940290,2.907928,1.174228,2.637419
284,2.366667,0.128342,-0.051592,-0.041927,-0.989499,2.512846,1.213092,2.633557,0.201871,0.017686,0.270300,-0.941208,2.907578,1.175151,2.636320
285,2.375000,0.127917,-0.050501,-0.037381,-0.989793,2.513828,1.213919,2.632466,0.201010,0.018418,0.268643,-0.941853,2.907352,1.176116,2.635307
286,2.383333,0.127684,-0.049385,-0.033255,-0.990026,2.514755,1.214745,2.631481,0.200243,0.019120,0.267692,-0.942273,2.907217,1.177106,2.634374
287,2.391667,0.127577,-0.048324,-0.029663,-0.990206,2.515614,1.215580,2.630609,0.199758,0.019727,0.266940,-0.942577,2.907157,1.178114,2.633505
288,2.400000,0.127451,-0.047314,-0.026756,-0.990354,2.516402,1.216435,2.629851,0.199503,0.020306,0.266223,-0.942821,2.907154,1.179121,2.632695
289,2.408333,0.127160,-0.046354,-0.024582,-0.990494,2.517121,1.217311,2.629220,0.199461,0.020771,0.265500,-0.943024,2.907196,1.180121,2.631942
290,2.416667,0.126545,-0.045473,-0.023124,-0.990648,2.517769,1.218208,2.628728,0.199622,0.021042,0.264843,-0.943168,2.907273,1.181117,2.631247
291,2.425000,0.125432,-0.044662,-0.022286,-0.990846,2.518357,1.219121,2.628367,0.199798,0.021124,0.264261,-0.943293,2.907371,1.182103,2.630615
292,2.433333,0.123805,-0.043895,-0.021803,-0.991096,2.518901,1.220036,2.628124,0.199847,0.021085,0.263691,-0.943443,2.907491,1.183076,2.630053
293,2.441667,0.121757,-0.043105,-0.021279,-0.991395,2.519423,1.220939,2.627984,0.199718,0.021036,0.263245,-0.943595,2.907625,1.184034,2.629560
294,2.450000,0.119450,-0.042183,-0.020357,-0.991735,2.519938,1.221812,2.627931,0.199269,0.020954,0.262715,-0.943840,2.907771,1.184980,2.629132
295,2.458333,0.117092,-0.041099,-0.019004,-0.992088,2.520447,1.222627,2.627958,0.198571,0.020790,0.262031,-0.944181,2.907916,1.185906,2.628766
296,2.466667,0.114801,-0.039914,-0.017393,-0.992434,2.520948,1.223371,2.628044,0.197829,0.020482,0.261140,-0.944590,2.908040,1.186798,2.628458
297,2.475000,0.112640,-0.038737,-0.015663,-0.992757,2.521431,1.224041,2.628155,0.197128,0.019954,0.259831,-0.945109,2.908142,1.187659,2.628187
298,2.483333,0.110830,-0.037645,-0.014034,-0.993027,2.521878,1.224630,2.628277,0.196502,0.019250,0.258113,-0.945724,2.908216,1.188475,2.627940
299,2.491667,0.109392,-0.036646,-0.012672,-0.993242,2.522275,1.225139,2.628397,0.196085,0.018432,0.256114,-0.946370,2.908257,1.189227,2.627715
300,2.500000,0.108299,-0.035768,-0.011717,-0.993406,2.522612,1.225567,2.628506,0.195942,0.017536,0.253790,-0.947043,2.908282,1.189914,2.627511
301,2.508333,0.107585,-0.035045,-0.011231,-0.993515,2.522886,1.225910,2.628596,0.196027,0.016634,0.251209,-0.947729,2.908295,1.190537,2.627327
302,2.516667,0.107253,-0.034453,-0.011144,-0.993572,2.523105,1.226170,2.628669,0.196336,0.015746,0.248597,-0.948369,2.908293,1.191097,2.627165
303,2.525000,0.107293,-0.033947,-0.011260,-0.993584,2.523282,1.226345,2.628738,0.196653,0.014858,0.245874,-0.949027,2.908304,1.191612,2.627011
304,2.533333,0.107513,-0.033455,-0.011253,-0.993577,2.523445,1.226438,2.628817,0.196823,0.013998,0.243228,-0.949687,2.908337,1.192079,2.626872
305,2.541667,0.107678,-0.032909,-0.010850,-0.993582,2.523620,1.226460,2.628913,0.196957,0.013184,0.241062,-0.950223,2.908378,1.192484,2.626758
306,2.550000,0.107719,-0.032301,-0.009937,-0.993607,2.523814,1.226415,2.629035,0.197167,0.012417,0.239423,-0.950604,2.908425,1.192839,2.626654
307,2.558333,0.107686,-0.031608,-0.008539,-0.993646,2.524033,1.226310,2.629194,0.197502,0.011665,0.238163,-0.950860,2.908477,1.193152,2.626556
308,2.566667,0.107579,-0.030848,-0.006781,-0.993695,2.524267,1.226156,2.629386,0.197962,0.010917,0.237062,-0.951049,2.908535,1.193431,2.626456
309,2.575000,0.107311,-0.030069,-0.004838,-0.993759,2.524501,1.225976,2.629589,0.198543,0.010190,0.236043,-0.951189,2.908591,1.193680,2.626355
310,2.583333,0.107149,-0.029329,-0.003012,-0.993806,2.524718,1.225774,2.629799,0.199189,0.009441,0.234930,-0.951337,2.908648,1.193907,2.626246
311,2.591667,0.107182,-0.028656,-0.001507,-0.993825,2.524901,1.225564,2.630005,0.199882,0.008607,0.233631,-0.951520,2.908703,1.194123,2.626128
312,2.600000,0.107499,-0.028069,-0.000417,-0.993809,2.525041,1.225352,2.630203,0.200662,0.007719,0.232260,-0.951699,2.908750,1.194328,2.626002
313,2.608333,0.108106,-0.027595,0.000296,-0.993756,2.525135,1.225144,2.630385,0.201464,0.006827,0.230853,-0.951879,2.908796,1.194530,2.625868
314,2.616667,0.109026,-0.027223,0.000677,-0.993666,2.525187,1.224936,2.630556,0.202245,0.006003,0.229488,-0.952049,2.908845,1.194729,2.625733
315,2.625000,0.110119,-0.026903,0.000876,-0.993554,2.525206,1.224731,2.630723,0.203008,0.005283,0.228184,-0.952204,2.908898,1.194932,2.625599
316,2.633333,0.111053,-0.026621,0.001063,-0.993457,2.525200,1.224536,2.630885,0.203676,0.004660,0.226813,-0.952392,2.908968,1.195149,2.625461
317,2.641667,0.111731,-0.026345,0.001321,-0.993388,2.525175,1.224356,2.631051,0.204185,0.004130,0.225308,-0.952642,2.909060,1.195385,2.625317
318,2.650000,0.112088,-0.026053,0.001711,-0.993355,2.525138,1.224190,2.631222,0.204469,0.003690,0.223665,-0.952971,2.909177,1.195638,2.625169
319,2.658333,0.112115,-0.025797,0.002301,-0.993358,2.525098,1.224042,2.631405,0.204519,0.003346,0.222013,-0.953347,2.909309,1.195899,2.625021
320,2.666667,0.111849,-0.025588,0.003072,-0.993391,2.525062,1.223914,2.631598,0.204361,0.003100,0.220461,-0.953742,2.909449,1.196161,2.624877
321,2.675000,0.111325,-0.025408,0.003958,-0.993451,2.525028,1.223812,2.631795,0.204156,0.002883,0.218988,-0.954126,2.909602,1.196423,2.624732
322,2.683333,0.110642,-0.025274,0.004897,-0.993527,2.524988,1.223733,2.631992,0.204004,0.002662,0.217469,-0.954507,2.909774,1.196682,2.624580
323,2.691667,0.109931,-0.025194,0.005783,-0.993603,2.524934,1.223678,2.632178,0.203946,0.002499,0.216042,-0.954843,2.909936,1.196920,2.624423
324,2.700000,0.109346,-0.025170,0.006514,-0.993664,2.524857,1.223647,2.632342,0.204024,0.002334,0.214673,-0.955136,2.910077,1.197138,2.624255
325,2.708333,0.108952,-0.025216,0.006997,-0.993703,2.524750,1.223640,2.632477,0.204199,0.002113,0.213384,-0.955388,2.910193,1.197336,2.624079
326,2.716667,0.108805,-0.025323,0.007187,-0.993715,2.524613,1.223655,2.632578,0.204464,0.001842,0.212174,-0.955601,2.910285,1.197517,2.623893
327,2.725000,0.108865,-0.025492,0.007179,-0.993704,2.524452,1.223684,2.632653,0.204854,0.001532,0.211106,-0.955755,2.910345,1.197685,2.623703
328,2.733333,0.109004,-0.025704,0.007136,-0.993683,2.524280,1.223722,2.632703,0.205341,0.001139,0.210158,-0.955860,2.910378,1.197845,2.623506
329,2.741667,0.109087,-0.025934,0.007186,-0.993668,2.524107,1.223765,2.632740,0.205863,0.000631,0.209161,-0.955966,2.910393,1.198005,2.623296
330,2.750000,0.109076,-0.026163,0.007387,-0.993662,2.523943,1.223806,2.632777,0.206423,0.000057,0.208244,-0.956046,2.910385,1.198164,2.623080
331,2.758333,0.108908,-0.026364,0.007782,-0.993672,2.523796,1.223846,2.632816,0.206945,-0.000533,0.207439,-0.956108,2.910357,1.198318,2.622860
332,2.766667,0.108610,-0.026540,0.008337,-0.993695,2.523666,1.223887,2.632855,0.207419,-0.001108,0.206766,-0.956151,2.910314,1.198467,2.622637
333,2.775000,0.108248,-0.026680,0.008961,-0.993725,2.523554,1.223931,2.632891,0.207859,-0.001643,0.206196,-0.956177,2.910255,1.198610,2.622413
334,2.783333,0.107924,-0.026774,0.009543,-0.993753,2.523456,1.223984,2.632921,0.208260,-0.002120,0.205643,-0.956208,2.910184,1.198753,2.622186
335,2.791667,0.107659,-0.026848,0.009964,-0.993775,2.523363,1.224051,2.632937,0.208610,-0.002545,0.205028,-0.956263,2.910102,1.198897,2.621957
336,2.800000,0.107554,-0.026908,0.010149,-0.993783,2.523274,1.224134,2.632935,0.208914,-0.002912,0.204312,-0.956349,2.910008,1.199040,2.621727
337,2.808333,0.107692,-0.026941,0.010089,-0.993768,2.523188,1.224233,2.632915,0.209150,-0.003238,0.203463,-0.956477,2.909904,1.199182,2.621497
338,2.816667,0.108039,-0.026970,0.009866,-0.993732,2.523109,1.224347,2.632880,0.209327,-0.003561,0.202505,-0.956641,2.909790,1.199318,2.621271
339,2.825000,0.108474,-0.026990,0.009605,-0.993686,2.523041,1.224476,2.632831,0.209438,-0.003868,0.201483,-0.956831,2.909667,1.199447,2.621045
340,2.833333,0.108995,-0.026963,0.009349,-0.993633,2.522987,1.224612,2.632779,0.209502,-0.004165,0.200466,-0.957029,2.909538,1.199569,2.620823
341,2.841667,0.109448,-0.026888,0.009199,-0.993586,2.522949,1.224752,2.632731,0.209532,-0.004452,0.199520,-0.957219,2.909406,1.199682,2.620603
342,2.850000,0.109750,-0.026768,0.009223,-0.993556,2.522923,1.224889,2.632694,0.209600,-0.004764,0.198715,-0.957370,2.909270,1.199782,2.620381
343,2.858333,0.109804,-0.026633,0.009348,-0.993552,2.522917,1.225027,2.632659,0.209768,-0.005153,0.198097,-0.957459,2.909128,1.199868,2.620156
344,2.866667,0.109666,-0.026513,0.009508,-0.993569,2.522927,1.225165,2.632627,0.210066,-0.005602,0.197717,-0.957470,2.908979,1.199941,2.619931
345,2.875000,0.109376,-0.026434,0.009642,-0.993602,2.522949,1.225303,2.632592,0.210483,-0.006089,0.197523,-0.957415,2.908819,1.200003,2.619709
346,2.883333,0.108963,-0.026378,0.009737,-0.993648,2.522977,1.225441,2.632551,0.211009,-0.006595,0.197460,-0.957310,2.908646,1.200061,2.619493
347,2.891667,0.108467,-0.026308,0.009823,-0.993703,2.523001,1.225575,2.632500,0.211605,-0.007128,0.197431,-0.957180,2.908459,1.200120,2.619279
348,2.900000,0.108038,-0.026276,0.009846,-0.993751,2.523021,1.225707,2.632431,0.212208,-0.007690,0.197344,-0.957060,2.908256,1.200184,2.619071
349,2.908333,0.107713,-0.026274,0.009822,-0.993786,2.523034,1.225839,2.632343,0.212760,-0.008256,0.197114,-0.956980,2.908039,1.200257,2.618870
350,2.916667,0.107496,-0.026275,0.009779,-0.993810,2.523041,1.225972,2.632238,0.213181,-0.008827,0.196695,-0.956968,2.907814,1.200344,2.618675
351,2.925000,0.107391,-0.026279,0.009716,-0.993822,2.523043,1.226109,2.632118,0.213467,-0.009441,0.196049,-0.957031,2.907577,1.200449,2.618485
352,2.933333,0.107361,-0.026294,0.009626,-0.993826,2.523041,1.226256,2.631987,0.213587,-0.010065,0.195167,-0.957178,2.907337,1.200571,2.618299
353,2.941667,0.107336,-0.026335,0.009499,-0.993829,2.523035,1.226412,2.631851,0.213586,-0.010671,0.194175,-0.957373,2.907093,1.200700,2.618120
354,2.950000,0.107283,-0.026404,0.009361,-0.993834,2.523024,1.226578,2.631713,0.213521,-0.011267,0.193111,-0.957596,2.906849,1.200834,2.617950
355,2.958333,0.107135,-0.026514,0.009212,-0.993848,2.523011,1.226752,2.631575,0.213378,-0.011833,0.191991,-0.957846,2.906607,1.200965,2.617784
356,2.966667,0.106904,-0.026652,0.009082,-0.993871,2.522998,1.226930,2.631443,0.213198,-0.012390,0.190845,-0.958108,2.906370,1.201093,2.617624
357,2.975000,0.106678,-0.026799,0.008977,-0.993892,2.522990,1.227104,2.631321,0.213008,-0.012934,0.189672,-0.958376,2.906138,1.201218,2.617465
358,2.983333,0.106389,-0.026970,0.008914,-0.993919,2.522987,1.227274,2.631208,0.212814,-0.013462,0.188424,-0.958658,2.905908,1.201339,2.617301
359,2.991667,0.106069,-0.027138,0.008858,-0.993949,2.522986,1.227438,2.631101,0.212667,-0.013982,0.187061,-0.958950,2.905676,1.201446,2.617126
360,3.000000,0.105732,-0.027306,0.008762,-0.993981,2.522988,1.227596,2.630998,0.212690,-0.014534,0.185825,-0.959177,2.905453,1.201550,2.616952
361,3.008333,0.105333,-0.027472,0.008639,-0.994020,2.522991,1.227751,2.630895,0.212729,-0.015058,0.184627,-0.959392,2.905238,1.201643,2.616786
362,3.016667,0.104806,-0.027617,0.008526,-0.994073,2.522997,1.227905,2.630790,0.212609,-0.015463,0.183413,-0.959645,2.905038,1.201730,2.616617
363,3.025000,0.104375,-0.027711,0.008453,-0.994116,2.523011,1.228041,2.630692,0.212429,-0.015824,0.182295,-0.959892,2.904856,1.201822,2.616441
364,3.033333,0.104089,-0.027741,0.008458,-0.994145,2.523038,1.228160,2.630601,0.212183,-0.016179,0.181211,-0.960145,2.904688,1.201921,2.616256
365,3.041667,0.103952,-0.027723,0.008539,-0.994159,2.523080,1.228261,2.630516,0.211893,-0.016513,0.180128,-0.960407,2.904528,1.202023,2.616062
366,3.050000,0.103863,-0.027661,0.008712,-0.994169,2.523132,1.228351,2.630431,0.211510,-0.016790,0.179145,-0.960671,2.904377,1.202135,2.615856
367,3.058333,0.103799,-0.027582,0.008909,-0.994176,2.523189,1.228431,2.630345,0.211061,-0.017048,0.178266,-0.960929,2.904241,1.202255,2.615651
368,3.066667,0.103738,-0.027496,0.009084,-0.994183,2.523249,1.228502,2.630258,0.210596,-0.017290,0.177488,-0.961170,2.904115,1.202384,2.615445
369,3.075000,0.103680,-0.027425,0.009198,-0.994190,2.523305,1.228564,2.630170,0.210139,-0.017521,0.176798,-0.961393,2.903999,1.202520,2.615238
370,3.083333,0.103644,-0.027363,0.009249,-0.994195,2.523353,1.228618,2.630081,0.209717,-0.017756,0.176224,-0.961587,2.903887,1.202664,2.615028
371,3.091667,0.103659,-0.027327,0.009238,-0.994195,2.523387,1.228661,2.629992,0.209373,-0.017951,0.175836,-0.961729,2.903775,1.202816,2.614815
372,3.100000,0.103690,-0.027314,0.009167,-0.994192,2.523411,1.228693,2.629899,0.209030,-0.018140,0.175565,-0.961849,2.903661,1.202972,2.614611
373,3.108333,0.103729,-0.027339,0.009038,-0.994189,2.523419,1.228714,2.629802,0.208742,-0.018328,0.175425,-0.961934,2.903552,1.203126,2.614420
374,3.116667,0.103803,-0.027393,0.008884,-0.994181,2.523414,1.228722,2.629702,0.208472,-0.018482,0.175415,-0.961991,2.903443,1.203283,2.614233
375,3.125000,0.103869,-0.027476,0.008727,-0.994173,2.523393,1.228721,2.629591,0.208175,-0.018567,0.175471,-0.962044,2.903332,1.203442,2.614047
376,3.133333,0.103911,-0.027569,0.008610,-0.994167,2.523359,1.228712,2.629472,0.207959,-0.018663,0.175581,-0.962069,2.903207,1.203601,2.613862
377,3.141667,0.103991,-0.027659,0.008544,-0.994157,2.523313,1.228693,2.629351,0.207791,-0.018794,0.175717,-0.962078,2.903067,1.203767,2.613695
378,3.150000,0.104053,-0.027742,0.008587,-0.994148,2.523257,1.228670,2.629225,0.207537,-0.018941,0.175773,-0.962119,2.902920,1.203932,2.613543
379,3.158333,0.104059,-0.027838,0.008722,-0.994143,2.523195,1.228647,2.629097,0.207261,-0.019155,0.175701,-0.962188,2.902769,1.204100,2.613408
380,3.166667,0.103990,-0.027956,0.008929,-0.994145,2.523128,1.228627,2.628971,0.207044,-0.019450,0.175446,-0.962275,2.902611,1.204266,2.613282
381,3.175000,0.103840,-0.028092,0.009156,-0.994155,2.523055,1.228618,2.628850,0.206786,-0.019752,0.175091,-0.962389,2.902439,1.204425,2.613162
382,3.183333,0.103617,-0.028230,0.009363,-0.994173,2.522979,1.228624,2.628733,0.206542,-0.020074,0.174609,-0.962522,2.902260,1.204575,2.613055
383,3.191667,0.103360,-0.028374,0.009487,-0.994194,2.522899,1.228648,2.628623,0.206308,-0.020414,0.174022,-0.962672,2.902080,1.204713,2.612957
384,3.200000,0.103091,-0.028529,0.009508,-0.994217,2.522813,1.228690,2.628518,0.206071,-0.020722,0.173343,-0.962838,2.901902,1.204839,2.612875
385,3.208333,0.102821,-0.028690,0.009413,-0.994242,2.522725,1.228750,2.628417,0.205865,-0.021009,0.172671,-0.962997,2.901733,1.204949,2.612798
386,3.216667,0.102585,-0.028845,0.009252,-0.994263,2.522634,1.228823,2.628320,0.205762,-0.021229,0.172121,-0.963112,2.901581,1.205045,2.612721
387,3.225000,0.102390,-0.028986,0.009098,-0.994280,2.522543,1.228907,2.628226,0.205635,-0.021421,0.171598,-0.963229,2.901447,1.205120,2.612652
388,3.233333,0.102219,-0.029099,0.008980,-0.994296,2.522452,1.228998,2.628135,0.205533,-0.021602,0.171179,-0.963321,2.901334,1.205176,2.612587
389,3.241667,0.102055,-0.029186,0.008887,-0.994311,2.522360,1.229095,2.628047,0.205466,-0.021756,0.170899,-0.963381,2.901245,1.205214,2.612525
390,3.250000,0.101914,-0.029247,0.008860,-0.994324,2.522270,1.229193,2.627959,0.205448,-0.021878,0.170792,-0.963402,2.901181,1.205236,2.612460
391,3.258333,0.101792,-0.029301,0.008867,-0.994335,2.522177,1.229291,2.627872,0.205482,-0.021934,0.170798,-0.963392,2.901142,1.205248,2.612397
392,3.266667,0.101689,-0.029341,0.008915,-0.994344,2.522083,1.229385,2.627785,0.205553,-0.021940,0.170877,-0.963363,2.901122,1.205253,2.612334
393,3.275000,0.101605,-0.029386,0.008985,-0.994350,2.521989,1.229475,2.627701,0.205658,-0.021938,0.170954,-0.963327,2.901119,1.205254,2.612269
394,3.283333,0.101515,-0.029438,0.009037,-0.994357,2.521899,1.229561,2.627618,0.205772,-0.021933,0.170972,-0.963299,2.901132,1.205254,2.612205
395,3.291667,0.101408,-0.029491,0.009037,-0.994367,2.521810,1.229643,2.627540,0.205843,-0.021912,0.170970,-0.963285,2.901157,1.205258,2.612141
396,3.300000,0.101291,-0.029536,0.009026,-0.994377,2.521725,1.229720,2.627468,0.205873,-0.021863,0.170944,-0.963284,2.901196,1.205264,2.612076
397,3.308333,0.101090,-0.029575,0.009019,-0.994397,2.521645,1.229795,2.627398,0.205865,-0.021790,0.170877,-0.963300,2.901245,1.205272,2.612008
398,3.316667,0.100736,-0.029594,0.009061,-0.994432,2.521571,1.229871,2.627324,0.205796,-0.021709,0.170798,-0.963330,2.901303,1.205285,2.611944
399,3.325000,0.100414,-0.029595,0.009096,-0.994464,2.521504,1.229940,2.627254,0.205661,-0.021607,0.170741,-0.963371,2.901367,1.205305,2.611882
400,3.333333,0.100153,-0.029594,0.009116,-0.994490,2.521438,1.230001,2.627184,0.205476,-0.021488,0.170706,-0.963420,2.901436,1.205331,2.611824
401,3.341667,0.099946,-0.029588,0.009148,-0.994511,2.521373,1.230055,2.627113,0.205279,-0.021350,0.170672,-0.963471,2.901505,1.205362,2.611770
402,3.350000,0.099813,-0.029586,0.009162,-0.994524,2.521306,1.230105,2.627040,0.205073,-0.021212,0.170630,-0.963525,2.901573,1.205403,2.611716
403,3.358333,0.099704,-0.029585,0.009187,-0.994535,2.521239,1.230152,2.626966,0.204832,-0.021125,0.170514,-0.963599,2.901636,1.205449,2.611664
404,3.366667,0.099586,-0.029606,0.009202,-0.994546,2.521172,1.230196,2.626892,0.204531,-0.021109,0.170239,-0.963712,2.901695,1.205495,2.611618
405,3.375000,0.099488,-0.029657,0.009225,-0.994554,2.521106,1.230239,2.626818,0.204316,-0.021111,0.169911,-0.963815,2.901749,1.205548,2.611568
406,3.383333,0.099426,-0.029719,0.009239,-0.994558,2.521039,1.230281,2.626744,0.204159,-0.021135,0.169513,-0.963918,2.901797,1.205606,2.611516
407,3.391667,0.099429,-0.029798,0.009207,-0.994556,2.520974,1.230320,2.626673,0.204033,-0.021179,0.169061,-0.964023,2.901842,1.205666,2.611465
408,3.400000,0.099413,-0.029893,0.009150,-0.994555,2.520910,1.230367,2.626594,0.203890,-0.021188,0.168571,-0.964139,2.901889,1.205729,2.611412
409,3.408333,0.099376,-0.030003,0.009049,-0.994556,2.520843,1.230415,2.626506,0.203748,-0.021170,0.168077,-0.964256,2.901937,1.205792,2.611358
410,3.416667,0.099307,-0.030143,0.008904,-0.994560,2.520773,1.230470,2.626405,0.203613,-0.021147,0.167595,-0.964369,2.901990,1.205853,2.611301
411,3.425000,0.099295,-0.030307,0.008679,-0.994559,2.520699,1.230528,2.626296,0.203478,-0.021124,0.167148,-0.964475,2.902048,1.205912,2.611244
412,3.433333,0.099266,-0.030484,0.008414,-0.994558,2.520623,1.230584,2.626184,0.203354,-0.021085,0.166783,-0.964565,2.902111,1.205968,2.611187
413,3.441667,0.099219,-0.030665,0.008153,-0.994560,2.520545,1.230636,2.626072,0.203231,-0.021030,0.166521,-0.964638,2.902180,1.206023,2.611128
414,3.450000,0.099121,-0.030835,0.007944,-0.994566,2.520471,1.230689,2.625962,0.203146,-0.020989,0.166380,-0.964681,2.902253,1.206077,2.611066
415,3.458333,0.098966,-0.031011,0.007806,-0.994577,2.520405,1.230742,2.625858,0.203114,-0.020969,0.166313,-0.964699,2.902328,1.206133,2.611002
416,3.466667,0.098753,-0.031179,0.007741,-0.994593,2.520343,1.230796,2.625760,0.203115,-0.020962,0.166304,-0.964701,2.902402,1.206192,2.610935
417,3.475000,0.098505,-0.031339,0.007694,-0.994613,2.520287,1.230854,2.625670,0.203148,-0.020965,0.166289,-0.964697,2.902470,1.206253,2.610864
418,3.483333,0.098237,-0.031491,0.007634,-0.994635,2.520233,1.230917,2.625586,0.203200,-0.020974,0.166254,-0.964691,2.902531,1.206317,2.610791
419,3.491667,0.097974,-0.031646,0.007552,-0.994657,2.520182,1.230988,2.625504,0.203249,-0.020966,0.166144,-0.964700,2.902583,1.206385,2.610716
420,3.500000,0.097744,-0.031785,0.007420,-0.994676,2.520132,1.231062,2.625427,0.203305,-0.020958,0.165948,-0.964722,2.902628,1.206455,2.610637
421,3.508333,0.097558,-0.031908,0.007245,-0.994692,2.520082,1.231137,2.625351,0.203340,-0.020959,0.165682,-0.964761,2.902666,1.206530,2.610555
422,3.516667,0.097405,-0.032020,0.007037,-0.994705,2.520030,1.231213,2.625279,0.203365,-0.020964,0.165370,-0.964809,2.902697,1.206608,2.610471
423,3.525000,0.097285,-0.032121,0.006806,-0.994715,2.519980,1.231286,2.625212,0.203366,-0.020945,0.165052,-0.964863,2.902728,1.206689,2.610386
424,3.533333,0.097189,-0.032213,0.006614,-0.994723,2.519933,1.231352,2.625150,0.203332,-0.020927,0.164765,-0.964920,2.902757,1.206775,2.610301
425,3.541667,0.097078,-0.032265,0.006498,-0.994732,2.519891,1.231411,2.625094,0.203248,-0.020887,0.164541,-0.964977,2.902787,1.206867,2.610221
426,3.550000,0.096937,-0.032305,0.006482,-0.994745,2.519855,1.231459,2.625047,0.203130,-0.020839,0.164355,-0.965034,2.902816,1.206965,2.610143
427,3.558333,0.096790,-0.032306,0.006516,-0.994759,2.519822,1.231496,2.625004,0.202962,-0.020809,0.164191,-0.965098,2.902840,1.207072,2.610071
428,3.566667,0.096646,-0.032307,0.006578,-0.994773,2.519789,1.231527,2.624965,0.202681,-0.020851,0.163969,-0.965194,2.902859,1.207183,2.610013
429,3.575000,0.096517,-0.032322,0.006589,-0.994785,2.519753,1.231551,2.624924,0.202492,-0.020880,0.163790,-0.965264,2.902874,1.207298,2.609953
430,3.583333,0.096419,-0.032355,0.006557,-0.994793,2.519707,1.231573,2.624882,0.202376,-0.020912,0.163650,-0.965311,2.902889,1.207414,2.609892
431,3.591667,0.096329,-0.032396,0.006497,-0.994801,2.519653,1.231588,2.624841,0.202303,-0.020944,0.163551,-0.965342,2.902900,1.207533,2.609831
432,3.600000,0.096302,-0.032427,0.006399,-0.994803,2.519592,1.231599,2.624797,0.202277,-0.020976,0.163448,-0.965365,2.902909,1.207651,2.609766
433,3.608333,0.096279,-0.032460,0.006323,-0.994805,2.519521,1.231604,2.624755,0.202282,-0.021011,0.163322,-0.965384,2.902912,1.207769,2.609704
434,3.616667,0.096280,-0.032481,0.006281,-0.994804,2.519445,1.231604,2.624714,0.202278,-0.021034,0.163148,-0.965414,2.902912,1.207889,2.609640
435,3.625000,0.096271,-0.032490,0.006295,-0.994805,2.519370,1.231598,2.624674,0.202280,-0.021045,0.162962,-0.965445,2.902906,1.208010,2.609573
436,3.633333,0.096255,-0.032493,0.006380,-0.994806,2.519295,1.231585,2.624636,0.202265,-0.021044,0.162746,-0.965484,2.902897,1.208135,2.609505
437,3.641667,0.096234,-0.032494,0.006488,-0.994807,2.519219,1.231565,2.624602,0.202208,-0.021031,0.162511,-0.965536,2.902888,1.208260,2.609438
438,3.650000,0.096211,-0.032494,0.006606,-0.994808,2.519143,1.231543,2.624571,0.202094,-0.021005,0.162259,-0.965603,2.902881,1.208386,2.609371
439,3.658333,0.096184,-0.032484,0.006683,-0.994811,2.519067,1.231521,2.624541,0.201959,-0.020990,0.161987,-0.965677,2.902871,1.208511,2.609305
440,3.666667,0.096159,-0.032480,0.006727,-0.994813,2.518989,1.231498,2.624512,0.201840,-0.021005,0.161693,-0.965751,2.902857,1.208634,2.609236
441,3.675000,0.096173,-0.032477,0.006711,-0.994812,2.518911,1.231477,2.624485,0.201780,-0.021052,0.161369,-0.965817,2.902838,1.208753,2.609168
442,3.683333,0.096219,-0.032501,0.006668,-0.994807,2.518834,1.231456,2.624457,0.201808,-0.021108,0.161034,-0.965865,2.902812,1.208864,2.609100
443,3.691667,0.096101,-0.032509,0.006696,-0.994818,2.518757,1.231444,2.624422,0.201922,-0.021163,0.160711,-0.965894,2.902783,1.208965,2.609036
444,3.700000,0.096099,-0.032536,0.006675,-0.994818,2.518682,1.231429,2.624392,0.202088,-0.021202,0.160416,-0.965908,2.902751,1.209059,2.608974
445,3.708333,0.096156,-0.032557,0.006647,-0.994812,2.518609,1.231414,2.624370,0.202253,-0.021240,0.160166,-0.965914,2.902716,1.209148,2.608919
446,3.716667,0.096229,-0.032595,0.006613,-0.994803,2.518536,1.231398,2.624352,0.202409,-0.021293,0.159954,-0.965915,2.902679,1.209234,2.608870
447,3.725000,0.096287,-0.032626,0.006577,-0.994797,2.518463,1.231380,2.624342,0.202529,-0.021342,0.159770,-0.965919,2.902639,1.209316,2.608827
448,3.733333,0.096340,-0.032669,0.006554,-0.994791,2.518391,1.231361,2.624337,0.202619,-0.021387,0.159612,-0.965926,2.902597,1.209395,2.608790
449,3.741667,0.096382,-0.032735,0.006554,-0.994784,2.518317,1.231339,2.624336,0.202675,-0.021433,0.159444,-0.965941,2.902551,1.209471,2.608758
450,3.750000,0.096400,-0.032828,0.006571,-0.994780,2.518242,1.231315,2.624339,0.202701,-0.021480,0.159270,-0.965963,2.902505,1.209543,2.608732
451,3.758333,0.096397,-0.032929,0.006575,-0.994776,2.518164,1.231288,2.624346,0.202725,-0.021533,0.159061,-0.965991,2.902454,1.209611,2.608709
452,3.766667,0.096379,-0.033049,0.006570,-0.994774,2.518084,1.231259,2.624354,0.202782,-0.021596,0.158775,-0.966025,2.902398,1.209671,2.608691
453,3.775000,0.096389,-0.033192,0.006548,-0.994769,2.518000,1.231228,2.624362,0.202870,-0.021675,0.158442,-0.966059,2.902339,1.209724,2.608677
454,3.783333,0.096461,-0.033352,0.006488,-0.994757,2.517913,1.231199,2.624371,0.202977,-0.021754,0.158072,-0.966096,2.902278,1.209768,2.608667
455,3.791667,0.096542,-0.033496,0.006403,-0.994745,2.517822,1.231173,2.624380,0.203101,-0.021830,0.157690,-0.966130,2.902217,1.209805,2.608659
456,3.800000,0.096651,-0.033640,0.006300,-0.994730,2.517730,1.231146,2.624391,0.203221,-0.021909,0.157333,-0.966161,2.902160,1.209832,2.608654
457,3.808333,0.096759,-0.033765,0.006193,-0.994716,2.517636,1.231122,2.624403,0.203355,-0.021970,0.157010,-0.966184,2.902106,1.209852,2.608654
458,3.816667,0.096894,-0.033868,0.006083,-0.994700,2.517542,1.231097,2.624421,0.203511,-0.022026,0.156761,-0.966191,2.902058,1.209864,2.608657
459,3.825000,0.097018,-0.033981,0.005991,-0.994684,2.517449,1.231071,2.624441,0.203691,-0.022069,0.156570,-0.966183,2.902013,1.209867,2.608664
460,3.833333,0.097105,-0.034093,0.005903,-0.994673,2.517361,1.231045,2.624466,0.203922,-0.022090,0.156451,-0.966153,2.901973,1.209864,2.608674
461,3.841667,0.097170,-0.034214,0.005860,-0.994662,2.517272,1.231018,2.624496,0.204165,-0.022106,0.156329,-0.966121,2.901935,1.209856,2.608688
462,3.850000,0.097160,-0.034331,0.005853,-0.994659,2.517187,1.230989,2.624532,0.204442,-0.022136,0.156247,-0.966075,2.901898,1.209846,2.608703
463,3.858333,0.097152,-0.034455,0.005855,-0.994656,2.517103,1.230961,2.624570,0.204743,-0.022181,0.156155,-0.966025,2.901862,1.209831,2.608724
464,3.866667,0.097133,-0.034578,0.005865,-0.994653,2.517018,1.230934,2.624611,0.205066,-0.022264,0.156045,-0.965972,2.901822,1.209810,2.608745
465,3.875000,0.097122,-0.034701,0.005865,-0.994650,2.516937,1.230905,2.624653,0.205438,-0.022376,0.155911,-0.965912,2.901778,1.209784,2.608767
466,3.883333,0.097165,-0.034802,0.005876,-0.994642,2.516860,1.230875,2.624695,0.205861,-0.022524,0.155728,-0.965848,2.901736,1.209750,2.608796
467,3.891667,0.097247,-0.034888,0.005874,-0.994631,2.516786,1.230847,2.624735,0.206331,-0.022674,0.155548,-0.965773,2.901690,1.209707,2.608823
468,3.900000,0.097359,-0.034964,0.005848,-0.994618,2.516717,1.230820,2.624778,0.206834,-0.022816,0.155353,-0.965694,2.901645,1.209655,2.608847
469,3.908333,0.097530,-0.035025,0.005866,-0.994599,2.516655,1.230792,2.624824,0.207311,-0.022958,0.155142,-0.965622,2.901596,1.209599,2.608871
470,3.916667,0.097900,-0.035051,0.005881,-0.994561,2.516603,1.230755,2.624880,0.207746,-0.023073,0.154934,-0.965559,2.901548,1.209540,2.608895
471,3.925000,0.098195,-0.035054,0.005992,-0.994532,2.516558,1.230725,2.624939,0.208100,-0.023174,0.154682,-0.965521,2.901499,1.209481,2.608921
472,3.933333,0.098266,-0.035024,0.006200,-0.994524,2.516521,1.230704,2.624996,0.208400,-0.023264,0.154352,-0.965507,2.901442,1.209423,2.608949
473,3.941667,0.098298,-0.034985,0.006421,-0.994521,2.516487,1.230686,2.625060,0.208628,-0.023376,0.153922,-0.965524,2.901379,1.209368,2.608980
474,3.950000,0.098246,-0.034940,0.006667,-0.994526,2.516458,1.230676,2.625130,0.208821,-0.023534,0.153378,-0.965565,2.901304,1.209314,2.609013
475,3.958333,0.098192,-0.034885,0.006875,-0.994532,2.516429,1.230672,2.625203,0.208978,-0.023757,0.152740,-0.965626,2.901210,1.209263,2.609041
476,3.966667,0.098139,-0.034852,0.006998,-0.994538,2.516396,1.230675,2.625273,0.209106,-0.024049,0.152058,-0.965699,2.901106,1.209215,2.609074
477,3.975000,0.098109,-0.034827,0.007032,-0.994541,2.516358,1.230682,2.625342,0.209225,-0.024379,0.151416,-0.965766,2.901002,1.209169,2.609114
478,3.983333,0.098119,-0.034825,0.006980,-0.994541,2.516313,1.230691,2.625403,0.209345,-0.024679,0.150886,-0.965815,2.900897,1.209127,2.609161
479,3.991667,0.098195,-0.034825,0.006866,-0.994534,2.516265,1.230698,2.625457,0.209493,-0.024939,0.150474,-0.965841,2.900800,1.209088,2.609213
480,4.000000,0.098295,-0.034830,0.006738,-0.994525,2.516215,1.230698,2.625503,0.209645,-0.025163,0.150172,-0.965849,2.900711,1.209053,2.609269
481,4.008333,0.098404,-0.034823,0.006652,-0.994515,2.516166,1.230692,2.625545,0.209843,-0.025318,0.149966,-0.965834,2.900632,1.209026,2.609325
482,4.016667,0.098523,-0.034811,0.006628,-0.994504,2.516117,1.230680,2.625587,0.210030,-0.025420,0.149799,-0.965816,2.900561,1.209010,2.609382
483,4.025000,0.098601,-0.034788,0.006725,-0.994496,2.516076,1.230658,2.625627,0.210203,-0.025445,0.149658,-0.965800,2.900499,1.209006,2.609438
484,4.033333,0.098688,-0.034752,0.006903,-0.994488,2.516039,1.230636,2.625668,0.210328,-0.025409,0.149509,-0.965797,2.900444,1.209011,2.609494
485,4.041667,0.098737,-0.034702,0.007105,-0.994483,2.516008,1.230615,2.625712,0.210413,-0.025361,0.149327,-0.965808,2.900395,1.209031,2.609548
486,4.050000,0.098805,-0.034642,0.007303,-0.994477,2.515983,1.230598,2.625760,0.210466,-0.025294,0.149160,-0.965824,2.900348,1.209058,2.609601
487,4.058333,0.098890,-0.034571,0.007413,-0.994470,2.515957,1.230590,2.625813,0.210493,-0.025235,0.148994,-0.965845,2.900306,1.209096,2.609655
488,4.066667,0.098981,-0.034510,0.007425,-0.994463,2.515933,1.230592,2.625861,0.210454,-0.025188,0.148837,-0.965879,2.900265,1.209140,2.609707
489,4.075000,0.099131,-0.034447,0.007355,-0.994451,2.515913,1.230599,2.625913,0.210407,-0.025164,0.148689,-0.965913,2.900224,1.209189,2.609755
490,4.083333,0.099250,-0.034396,0.007268,-0.994441,2.515895,1.230615,2.625967,0.210363,-0.025191,0.148601,-0.965935,2.900183,1.209238,2.609805
491,4.091667,0.099352,-0.034352,0.007200,-0.994433,2.515885,1.230636,2.626023,0.210314,-0.025239,0.148564,-0.965950,2.900142,1.209287,2.609855
492,4.100000,0.099406,-0.034317,0.007162,-0.994429,2.515881,1.230658,2.626084,0.210268,-0.025302,0.148571,-0.965957,2.900100,1.209336,2.609908
493,4.108333,0.099405,-0.034271,0.007155,-0.994431,2.515884,1.230683,2.626148,0.210255,-0.025366,0.148625,-0.965950,2.900056,1.209380,2.609961
494,4.116667,0.099360,-0.034225,0.007181,-0.994437,2.515892,1.230711,2.626214,0.210306,-0.025429,0.148660,-0.965932,2.900008,1.209419,2.610015
495,4.125000,0.099272,-0.034177,0.007209,-0.994447,2.515901,1.230740,2.626280,0.210420,-0.025500,0.148660,-0.965905,2.899952,1.209453,2.610069
496,4.133333,0.099068,-0.034147,0.007263,-0.994468,2.515912,1.230773,2.626340,0.210552,-0.025563,0.148580,-0.965887,2.899890,1.209478,2.610122
497,4.141667,0.098931,-0.034120,0.007275,-0.994483,2.515921,1.230805,2.626398,0.210694,-0.025637,0.148457,-0.965873,2.899822,1.209493,2.610174
498,4.150000,0.098846,-0.034097,0.007244,-0.994492,2.515924,1.230835,2.626451,0.210859,-0.025733,0.148293,-0.965860,2.899748,1.209500,2.610225
499,4.158333,0.098782,-0.034071,0.007164,-0.994500,2.515924,1.230863,2.626499,0.211043,-0.025847,0.148101,-0.965846,2.899671,1.209501,2.610273
500,4.166667,0.098777,-0.034058,0.007084,-0.994501,2.515923,1.230885,2.626541,0.211251,-0.025983,0.147925,-0.965824,2.899593,1.209492,2.610321
501,4.175000,0.098800,-0.034047,0.007023,-0.994500,2.515919,1.230899,2.626578,0.211486,-0.026134,0.147743,-0.965797,2.899513,1.209477,2.610367
502,4.183333,0.098859,-0.034040,0.006975,-0.994495,2.515917,1.230906,2.626615,0.211765,-0.026314,0.147557,-0.965759,2.899443,1.209457,2.610417
503,4.191667,0.098893,-0.034049,0.006966,-0.994491,2.515913,1.230908,2.626647,0.212069,-0.026478,0.147365,-0.965717,2.899372,1.209433,2.610460
504,4.200000,0.098942,-0.034084,0.006951,-0.994485,2.515909,1.230902,2.626678,0.212394,-0.026646,0.147134,-0.965676,2.899303,1.209408,2.610502
505,4.208333,0.099004,-0.034123,0.006952,-0.994477,2.515904,1.230892,2.626707,0.212706,-0.026789,0.146881,-0.965642,2.899239,1.209386,2.610540
506,4.216667,0.099076,-0.034189,0.006987,-0.994468,2.515900,1.230876,2.626734,0.212998,-0.026897,0.146610,-0.965616,2.899181,1.209371,2.610574
507,4.225000,0.099145,-0.034250,0.007031,-0.994459,2.515896,1.230857,2.626757,0.213266,-0.027000,0.146349,-0.965593,2.899129,1.209360,2.610603
508,4.233333,0.099248,-0.034295,0.007062,-0.994447,2.515890,1.230832,2.626777,0.213487,-0.027070,0.146104,-0.965580,2.899087,1.209357,2.610630
509,4.241667,0.099355,-0.034332,0.007125,-0.994434,2.515882,1.230806,2.626795,0.213676,-0.027128,0.145876,-0.965571,2.899054,1.209357,2.610654
510,4.250000,0.099481,-0.034357,0.007129,-0.994421,2.515873,1.230779,2.626812,0.213845,-0.027203,0.145695,-0.965559,2.899027,1.209360,2.610674
511,4.258333,0.099628,-0.034353,0.007132,-0.994406,2.515861,1.230753,2.626828,0.213997,-0.027289,0.145553,-0.965544,2.899009,1.209363,2.610690
512,4.266667,0.099791,-0.034336,0.007096,-0.994391,2.515847,1.230731,2.626845,0.214179,-0.027371,0.145479,-0.965512,2.898994,1.209362,2.610705
513,4.275000,0.099938,-0.034309,0.007063,-0.994377,2.515834,1.230713,2.626860,0.214399,-0.027455,0.145462,-0.965464,2.898984,1.209357,2.610715
514,4.283333,0.100071,-0.034260,0.007044,-0.994365,2.515820,1.230702,2.626877,0.214644,-0.027500,0.145510,-0.965401,2.898978,1.209346,2.610725
515,4.291667,0.100196,-0.034227,0.007008,-0.994354,2.515806,1.230698,2.626894,0.214894,-0.027505,0.145583,-0.965334,2.898972,1.209332,2.610737
516,4.300000,0.100292,-0.034195,0.006968,-0.994346,2.515792,1.230698,2.626912,0.215108,-0.027483,0.145637,-0.965279,2.898964,1.209318,2.610752
517,4.308333,0.100346,-0.034182,0.006956,-0.994341,2.515777,1.230703,2.626932,0.215266,-0.027441,0.145639,-0.965245,2.898951,1.209305,2.610768
518,4.316667,0.100335,-0.034167,0.006975,-0.994342,2.515761,1.230709,2.626951,0.215413,-0.027389,0.145575,-0.965223,2.898926,1.209296,2.610785
519,4.325000,0.100311,-0.034178,0.006970,-0.994345,2.515743,1.230717,2.626968,0.215511,-0.027368,0.145421,-0.965225,2.898890,1.209291,2.610803
520,4.333333,0.100278,-0.034203,0.006993,-0.994347,2.515721,1.230722,2.626982,0.215643,-0.027370,0.145199,-0.965229,2.898846,1.209289,2.610816
